created_at,username,tweet
05-07-2021,davidgokhshtein,Whales are buying #Bitcoin because they understand what hard money is.
05-07-2021,unicunshop,Gold and Silver Bitcoin Coins  https://t.co/In4K1z6tLl #UnicunShop
05-07-2021,newsinvesting,Axie Infinity (AXS) and Waves make gains as Bitcoin flatlines below $34K  -  https://t.co/iwb3HOd3cX
05-07-2021,elpoliticonews,"Bitcoin serÃ¡ clave en la recuperaciÃ³n econÃ³mica de Venezuela, segÃºn experto  https://t.co/awTq7u82br"
05-07-2021,basindabtk,"ğŸ’@spaceratmatic is having their FIRST IDO through their LAUNCHPAD!ğŸ”¥ Meet @spacerisepoly , the fork and improved version of the famous EverRise. âœ…NO BOTS CAN GAME THE TOKENOMICS âœ…TRUSTED TEAM  Launching soonğŸš€ #bitcoin   https://t.co/q7nGC5UO5S  https://t.co/oD1rPqI11e"
05-07-2021,dolartoday,"#ATENTO   #4thofJulyS Â¡Impresionante! ğŸ¤”MuriÃ³ un multimillonario en #Bitcoin, ğŸª™ y nadie sabe cÃ³mo acceder a la fortuna en criptomoneda ğŸ‘‡ğŸ»  https://t.co/UFviQZqnbS"
05-07-2021,mmcrypto,"ONCE #BITCOIN BREAKS $36â€˜000 IT IS GETTING VERY, VERY JUICY!"
05-07-2021,kriptomessi,Bitcoin hafta kapanÄ±ÅŸÄ±nÄ± 36k Ã¼zerinde yapmasÄ± gÃ¼zel olur.#dock #kava gibi haberi olan coinler gÃ¼zel tepkiler veriyor.Altcoinlerdeki hareket iyi bir  hafta kapanÄ±ÅŸÄ± ile devam edebilir.
04-07-2021,tgrthabertv,â€˜Tosuncukâ€™ Mehmet AydÄ±nâ€™Ä±n gizli planÄ±: Åifre Bitcoin | Ferhat ÃœnlÃ¼ ile Hafta Sonu Ana Haber | @unluferhat  https://t.co/6YoCHT6OVh
04-07-2021,tgrthabertv,â€˜Tosuncukâ€™ Mehmet AydÄ±nâ€™Ä±n gizli planÄ±: Åifre Bitcoin | Ferhat ÃœnlÃ¼ ile Hafta Sonu Ana Haber | @unluferhat  https://t.co/6YoCHT6OVh
05-07-2021,davidgokhshtein,#Bitcoin - I want that huge green candle to just come out of nowhere to send this entire market.   ğŸ™
05-07-2021,datos365,â–ªï¸ La evoluciÃ³n de Bitcoin durante los Ãºltimos diez aÃ±os  https://t.co/tlvLsF9mFn
05-07-2021,thereallisaann,Take your #NBA betting at @BovadaOfficial  to the next level with my #Bitcoin Bonus Code: LISA250BV  https://t.co/WhzUCKgq3G
04-07-2021,bitcoinmagazine,"#Bitcoin And The American Idea  ""In the end, Bitcoin may be that declaration, in the original American tradition of anti-authoritarianism and personal freedom, that helps finally rid us of our saddles and riders.""  Written by @gladstein   https://t.co/kW3RA9u6bv"
04-07-2021,steve_hanke,"For #Bitcoin transactions in El Salvador, it will be nearly impossible for transaction parties to provide complete know-your customer information, as envisioned under the Bitcoin Law. Red flags by the Financial Action Task Force are imminent.  https://t.co/wxo5pWDjhu"
04-07-2021,trader1sz,Iâ€™ll be back at it again tomorrow 7pm (BST) with â€˜Bitcoin For Ledgesâ€™ sponsored exclusively by @Delta_Exchange.  Looks like we are still in a range on the daily but will we break out?  Signup with Delta here:  https://t.co/8m1kmVcOZK and Iâ€™ll see you ledges tomorrow ğŸ‘ŠğŸ½
04-07-2021,elfinancierotv,"En MÃ©xico no estÃ¡ autorizado realizar operaciones con criptomonedas aunque Bitcoin ha tenido auge en el sector juvenil e inversionista, mencionÃ³ la periodista @JLeyvaReus, en #ElFinancieroBloomberg con @JimenezLandin.  https://t.co/MEJvAUyThr"
29-06-2021,erhanunall,#OTHERS.D  Tekrar gÃ¶z atmanÄ±n zamanÄ± geldi.  KanalÄ±n Ã¼st bÃ¶lgesinden geri dÃ¶ndÃ¼k. Åu an orta bÃ¶lgedeyiz. Marketin genelinde bir yÃ¼kseliÅŸ olmasÄ± durumunda altlarÄ±n Bitcoin'e gÃ¶re daha agresif olmasÄ±nÄ± bekleyebiliriz.   https://t.co/CgWOUiUMpj
29-06-2021,venturecoinist,"Michael Saylor &amp; $MSTR hold 100k+ Bitcoin, which is great if price goes up.  â€¢What if we go below avg entry? â€¢Can he be forced to unwind/sell?  I asked @PrestonPysh to explain the deal structure, potential outcomes, and market impact.  This one is wild:  https://t.co/hc6LNlYX2s"
29-06-2021,criptonoticias,".@RicardoBSalinas, dueÃ±o del @BancoAzteca, afirmÃ³ que Â«#Bitcoin es una buena forma de diversificar tu portafolio de #inversiÃ³nÂ» y recomendÃ³ a los inversionistas investigar sobre las criptomonedas y las posibilidades que estas ofrecenğŸ“°ğŸ¦ğŸ‘ #BTC  https://t.co/rNqLP7tdEL"
29-06-2021,benzinga,Ethereum or Bitcoin? | Ruell's Report | Stock Market Live ğŸš¨  https://t.co/HCdEH8GhG4
29-06-2021,ivanontech,Bitcoin will reach $100k Itâ€™s mathematically inevitable   All fiat goes to ZERO
28-06-2021,elsalvador,"#DeDinero La ministra de @EconomiaSV, @MariaLuisaHayem, remarcÃ³ algunos de los principales beneficios que trae la implementaciÃ³n del #Bitcoin como moneda de circulaciÃ³n legal en El Salvador.   https://t.co/XSnQllWo3s"
28-06-2021,wsjpersfinance,Coming soon to your retirement plan: bitcoin  https://t.co/7voygCb0sT via @AnneTergesen
28-06-2021,webstandardat,Kryptohandel: Britische Finanzaufsicht verbannt Bitcoin-BÃ¶rse Binance:  https://t.co/mlfQqUW3sc
28-06-2021,petermccormack,Just had a great conversation with @SteveBakerHW regarding #bitcoin.  A rare UK MP who understands #bitcoin and Austrian Economics.
28-06-2021,coinmuhendisim,ğŸ‘€Bitcoin YÄ±llara GÃ¶re BoÄŸa DÃ¶ngÃ¼sÃ¼ Mavi Grafik 2010-2011 KÄ±rmÄ±zÄ± Grafik 2011-2015 Turuncu Grafik 2015-2018 Mor Grafik 2018-2021
28-06-2021,zerohedge,"""Fiat Is A Fraud"" - Mexico's 3rd Richest Man Says ""Absolutely Right"" To Buy Bitcoin ""The New Gold""  https://t.co/69KRWn0KsI"
28-06-2021,uzmancoin,"Robert Kiyosaki: Tarihin en bÃ¼yÃ¼k krizi geliyor, altÄ±n ve Bitcoin alÄ±n  https://t.co/l4tK62Ynia"
28-06-2021,newsinvesting,Biggest ever mining difficulty drop: 5 things to watch in Bitcoin this week -  https://t.co/rMukkbYO0C
28-06-2021,dacryptomonkey,It is really amazing How fast Chinese miners relocated &amp; back to mining again after the Crackdown ğŸ”¥  Miners don't even wanna miss a second to mine the ultimate gold! #Bitcoin   https://t.co/fIEmjFooRD
28-06-2021,yeniakit,JP Morgan'dan Bitcoin tahmini  https://t.co/djPG6fgeJn  https://t.co/ftkg2WFjJB
28-06-2021,criptonoticias,JP Morgan: 10% de los inversionistas institucionales comercian bitcoin y criptomonedas #AdopciÃ³n  https://t.co/9g4jwh9ngc
28-06-2021,schuldensuehner,"#Bitcoin climbed on Monday, shaking off the UK FCAâ€™s ban on Binance to rise &gt;6% for a 2nd day of gains. Trades now at $34.6k.  https://t.co/YGAY0ppVeN"
28-06-2021,rektcapital,#BTC Weekly Closes above the 50 WEMA support (blue)   Which means that the triangular market structure formed these two EMAs remains intact  Continued consolidation here is likely until either the 21 or 50 WEMA give way to a new trend  $BTC #Crypto #Bitcoin  https://t.co/LXzM3KG6An
28-06-2021,shiftdeletenet,Milyarder yatÄ±rÄ±mcÄ±dan Bitcoin ile ilgili heyecanlandÄ±ran aÃ§Ä±klama!  â€¢  https://t.co/sjbLSRrW06  https://t.co/Mi3yuJh0JK
28-06-2021,investingcom,"âš ï¸BREAKING:  *BITCOIN RALLIES TO REACH $35,000  #BTC #BITCOIN  https://t.co/3OyPb6yIJn"
27-06-2021,bigcheds,$BTC #Bitcoin flirting with 30 min ascending triangle reversal
27-06-2021,altcoinsherpa,"#Bitcoin: While I don't know where this bottoms out, this is not accumulation for now IMO. Some comparisons of accumulation in 2020 vs. today for $BTC. I still think 45k is coming but after that, perhaps new lows...we'll take it lvl to lvl.  https://t.co/5oTPLVZj2U"
27-06-2021,criptonoticias,"#Bitcoin Para destrabar una transacciÃ³n, la idea es que una transacciÃ³n ""patrocinante"" incluya otras con comisiones mÃ¡s bajas Â¡Conoce mÃ¡s este mÃ©todo!ğŸ’°ğŸ”›ğŸ‘€  #BTC #blockchain  https://t.co/dX7gmJiia2"
27-06-2021,btc_archive,Iran sells energy on global markets by using #Bitcoin mining to bypass US sanctions.   It uses electricity equivalent to 10 million barrels of crude oil each year for #Bitcoin mining - around 4% of total Iranian oil   Iran generates 100s of millions in USD in #Bitcoin  - Reuters
27-06-2021,cointelegraph,Itâ€™s raining #Bitcoin in El Salvador! Every adult who downloads the governmentâ€™s wallet app is entitled to $30 in BTC as the state speeds up adoption.  https://t.co/v1xLtjmGhI
27-06-2021,stevedabitcoin,"10 Borsada gÃ¼ncel #Bitcoin  short/long iÅŸlem oranlarÄ±. GÃ¶rÃ¼nen o ki, Btc Saatlik kÄ±rÄ±lÄ±mda aksiyon alanlar var, Ã¶zellikle Krakenâ€™de.  https://t.co/iRd9MVdddh"
27-06-2021,stockmktnewz,Crypto market cap watch 6/26  1 Bitcoin $BTC $591.7B 2 Ethereum $ETH $207.6B 3 $USDT $62.6B 4 Binance $BNB $41.7B 5 Cardano $ADA $39.2B 6 Dogecoin $DOGE $31.2B 7 Ripple $XRP $27.7B 8 $USDC $25.7B 9 Polkadot $DOT $13.5B 10 Binance USD $BUSD $9.9B  (Source @assetdash)  https://t.co/aTKVjkQSdI
27-06-2021,bitcoinagile,BTCUSD for BITSTAMP:BTCUSD by luca1405 #Bitcoin $BTC  https://t.co/ef3jPE16zS  https://t.co/Mo6HekSaEF
27-06-2021,lightningmlm,"A node is any computer that connects to the network. That is the miner's computer. The miner can generate a certain number of BTC for himself. But, in the block header, he or she does have to specify his or her own node, to inform the network who did the actual work. #bitcoin"
27-06-2021,btc_archive,#Bitcoin sponsored car in 1st place in the South American TCR series! ğŸ™Œ  https://t.co/LI0kEX6KZD
27-06-2021,cryptogenzo,"Eskiden btc dÃ¼ÅŸeni kÄ±rÄ±nca herkes hÃ¼cum marÅŸÄ± eÅŸliÄŸinde pozisyona girelim derdi, ÅŸimdi ise fake mi, birazdan dÃ¶ner, gel gel yapÄ±yorlar diyorlar. Satoshi onaylÄ± long kararÄ± Ã§Ä±ksa bile artÄ±k bÃ¶yle. GÃ¼venimizi kÄ±rdÄ±n bitcoin.."
27-06-2021,rektcapital,"Let's see if #BTC manages to set in a new Higher Low (blue)  So far, so good  $BTC #Crypto #Bitcoin  https://t.co/ENQGkJL5Mh"
27-06-2021,rektcapital,#BTC is still holding the series of Lower Lows that constitute this wedging structure  Hold this structure &amp; $BTC revisiting mid-$40000s will continue to be a possibility through the Wyckoff lens  Lose the structure and BTC will see further Wyckoff Distribution  #Crypto #Bitcoin  https://t.co/h6h4pZKtut
27-06-2021,bitcoinagile,BTC Bullish Cypher for BYBIT:BTCUSD by ETHisfreedom #Bitcoin $BTC  https://t.co/snHfixMSyu  https://t.co/Lo8yBuHvZ4
27-06-2021,venturecoinist,"Back in January @bobbyclee predicted that $BTC would top out around 70k on the first run, and correct about 50%.  That played out almost perfectly, tracking the 2013 cycle.  What if Bitcoin goes through another double bubble?   https://t.co/EvY0fM1Y12"
27-06-2021,coinhaberler,"New York BorsasÄ± eski baÅŸkanlarÄ±ndan Tom Farley, Bitcoinâ€™in yukarÄ± yÃ¶nlÃ¼ bir trend ile 10 Trilyon dolarlÄ±k bir pazar haline gelebileceÄŸini ifade etti. #btc"
27-06-2021,alrawenet,ğŸ’¡ÙƒÙ† ÙˆØ§Ù‚Ø¹ÙŠÙ‹Ø§ Ø±Ø³Ù… Ø³ÙŠÙ†Ø§Ø±ÙŠÙˆÙ‡Ø§Øª Ù…ØªÙØ§Ø¦Ù„Ø© Ù„Ù„ØºØ§ÙŠØ© ØªØ­Ø¯Ø¯ ÙÙŠÙ‡Ø§ Ø§Ù„Ù…ÙƒØ§Ø³Ø¨ Ø¯ÙˆÙ† Ø§Ù„Ø®Ø³Ø§Ø¦Ø± Ø£Ù…Ø±Ù‹Ø§ Ù„Ù† ÙŠØ¬Ø¹Ù„Ùƒ ØªØ¯ÙˆÙ… Ø·ÙˆÙŠÙ„Ù‹Ø§ Ø¯Ø§Ø®Ù„ Ø³ÙˆÙ‚ Ø§Ù„ØªØ¯Ø§ÙˆÙ„ØŒ #Ù…Ø³Ø§Ø­Ø©_ØºØ§Ù†Ù… #Bitcoin #BTC
27-06-2021,bitcoinagile,BTC-USDT for BINANCE:BTCUSDT by Abdelrahman83 #Bitcoin $BTC  https://t.co/qHZASlyNSo  https://t.co/lAilcjGc0n
27-06-2021,btc_manager,"Institutions Cautious of Buying #Bitcoin (#BTC) at Current Price Levels, Says #JPMorgan   BY: Aisshwarya Tiwari   https://t.co/v5fY4UXvfK #MicroStrategy  https://t.co/X7SHJTX69T"
27-06-2021,rektcapital,#BTC needs to reclaim the ~$32000 Weekly level (black) before the Weekly Candle Close to preserve bullish momentum that originated in the green area  $BTC #Crypto #Bitcoin  https://t.co/NGTI0IcAdv
26-06-2021,bitcoinagile,#bitcoin Bear Trap Incoming for BINANCE:BTCUSDT by IWealthCommunity $BTC  https://t.co/EI9JUryAqA  https://t.co/5A2rKf7Ut3
26-06-2021,igsquawk,Crypto update: #Bitcoin 31647.50 -1.76% #Ether 1784.68 -4.38% #BitcoinCash 446.17 -4.23% #EOS 3.4786 -4.21% #Litecoin 123.17 -4.45% #Stellar 0.2382 -5.06% #Crypto 10 Index 12214 -3.81% #BTC #ETH #BCH #XLM #LTC
26-06-2021,altcoinsherpa,$BTC: The waiting is the hardest part. (RIP Tom Petty)  #Bitcoin  https://t.co/HJlSaFZm7S
26-06-2021,bitcoinagile,Country Adoption Methods For #bitcoin #crypto $BTC  https://t.co/0suxOAffTT  https://t.co/j1KZYXFS9r
26-06-2021,investingcom,#BTC #BITCOIN  https://t.co/DyR10OdBgV
26-06-2021,btc_archive,Someone just sent $61m #Bitcoin Total cost: $8.42  Try that with gold!
26-06-2021,capetlevrai,@kryll_io Au programme :  - CoÃ»t de production d'un BTC et d'un ETH - Comprendre le halving du bitcoin et l'impact sur le prix - Analyse des prix d'achats de gros investisseurs sur le BTC - Analyse technique  Article liÃ© Ã  la vidÃ©o :  https://t.co/IDDuFBiWN7
26-06-2021,igsquawk,Crypto update: #Bitcoin 30933.30 -3.98% #Ether 1748.73 -6.3% #BitcoinCash 437.97 -5.99% #EOS 3.4319 -5.5% #Litecoin 121.45 -5.79% #Stellar 0.2324 -7.37% #Crypto 10 Index 12013 -5.39% #BTC #ETH #BCH #XLM #LTC
26-06-2021,btc_archive,If you want to give property rights to  5 billion people you need #Bitcoin  to do it.  - @Michael_Saylor ğŸ™Œ     https://t.co/8sXRMRVgJd
26-06-2021,criptonoticias,#Tutoriales @MuunWallet se trata de una cartera de autocustodia en la que tÃº eres dueÃ±o de las llaves privadas de los #BTC que allÃ­ almacenes.ğŸ”ğŸ‘Œ Te llevaremos paso a paso sobre cÃ³mo utilizarlağŸ¤“  #Bitcoin #criptomonedas #LightningNetwork  https://t.co/Y3SgRrzGJ1
26-06-2021,bitcoinagile,BTC  Harmonic Pattern  Cypher Pattern for BINANCE:BTCUSDT by Bitmex_azad #Bitcoin $BTC  https://t.co/PqBZmB2dTp  https://t.co/SZeQS5UNqw
26-06-2021,kriptokoin,âš ï¸#Bitcoin fiyatÄ± 30.180 dolara kadar dÃ¼ÅŸtÃ¼. Ã‡in'in #kriptopara madencileri ve #kripto yatÄ±rÄ±mcÄ±larÄ± Ã¼zerindeki baskÄ±sÄ±nÄ±n #BTCâ€™ye etkisi devam ediyor. Piyasada kayÄ±plar artÄ±yorâš ï¸  https://t.co/T54L6GxYin
26-06-2021,heistactic,#BITCOIN/ $BTC update:  If you ask me this chart is pretty straightforward and I've been playing this level for level for the past couple of days now..  The Bulls really need to defend this 30k level to prevent further downward movement..  https://t.co/3pWQKluxqw
25-06-2021,_erkanoz,El Salvador ğŸ‡¸ğŸ‡» un #Bitcoin i yasal para birimi haline getirerek   Tarihi bir adÄ±m atmasÄ±nÄ±n ardÄ±ndan  Bir sonraki domino Paraguay ğŸ‡µğŸ‡¾ olabilir mi?  Ãœlkenin #BTC aÃ§Ä±sÄ±ndan avantajÄ± nedir?  Neden hemen heyecanlanmamak lazÄ±m?  @BTCHabercom da yazdÄ±m  Okumak isteyenler iÃ§in Link ğŸ‘‡
25-06-2021,okex,"The race is on for Americaâ€™s #Bitcoin capital: New York vs Miami. Who will win?  @FrancisSuarez loves #Bitcoin, but now a NYC mayoral candidate has placed $BTC at the forefrontâ€¦ @ericadamsfornyc.  The realâ“is what Adams will do about the BitLicense ğŸ¤”   https://t.co/6S6OAIpQlh"
25-06-2021,michael_saylor,"@intocryptoverse @pierre_crypt0 I have been a consistent advocate of owning #bitcoin since it was $9,500 per coin. I am also an advocate of borrowing money at 2.5% interest for 30 years when such financing is available. Over the last 10 years, BTC is up 113% annually, S&amp;P is up 12.7%. Either arbitrage works."
25-06-2021,bitcoinagile,What Is Considered Legal Tender in the US? #Bitcoin #BTC #FIAT #Curreny #UnitedStates #MoneyTalks #USD  https://t.co/HluhZi3Jv8
25-06-2021,alrawenet,â™¦ï¸Ø§Ø¹Ø²Ø§Ø¦ÙŠ Ø§Ù„Ù…ØªØ§Ø¨Ø¹ÙŠÙ† Ø§Ù„Ø¬Ø¯Ø¯ Ø®Ø§ØµØ© : ÙƒÙ„ Ù…Ø§ ÙŠÙ‚Ø¯Ù… Ù…Ù† ØºØ§Ù†Ù… Ù…Ø¬Ø§Ù†ÙŠ â€¦ #Bitcoin #BTC  https://t.co/Zn3zrgwrII
25-06-2021,bigchonis,$BTC - Quick check on #bitcoin video update...  https://t.co/Wzy7JdsQ0N
25-06-2021,bitcoinagile,#bitcoin - BEARS LOSING STRENGTH / BOTTOM IN? RSI DIVERGENCE  for INDEX:BTCUSD by JayanVarsani $BTC  https://t.co/LuuzquABlI  https://t.co/VNw7x7Am3l
25-06-2021,alrawenet,â™¦ï¸Ø§Ù„Ù…ØªØ§Ø¨Ø¹ÙŠÙ† Ø§Ù„Ù‚Ø¯Ø§Ù…Ù‰ Ø§Ù„Ù„ÙŠ Ø§Ù†Ø¶Ø­Ùƒ Ø¹Ù„ÙŠÙ‡Ù… ÙˆØ¨Ø§Ø¹Ùˆ ÙƒÙ…ÙŠØ§ØªÙ‡Ù… Ø¨Ø³Ø¨Ø¨ Ø·Ù…Ø¹ Ø§Ùˆ Ø¹Ø¯Ù… Ø§Ù„ØªØ²Ø§Ù…Ù‡Ù… Ø¨Ø·Ø±ÙŠÙ‚ØªÙŠ . Ø§ØªÙ…Ù†Ù‰ Ø§Ù„Ø§Ù† Ø§Ù„ØªØ¹ÙˆÙŠØ¶ Ù„ÙƒÙ… ØŒØŒ Ù…Ø§ÙˆØ¯ÙŠ Ø§Ø°ÙƒØ± Ø§Ù„Ø§Ø³Ù…Ø§Ø¡ ØŒØŒ ØªØ¹Ø±ÙÙˆÙ†Ù‡Ù… ØŒØŒ #Bitcoin #BTC
25-06-2021,whaletrades,"ğŸ“ˆğŸ’´$2,208,527 #bitcoin LONGED @$32468.0 [25/06/21 15:13:53] ğŸ­ bybit | $BTCUSD  ğŸ—£ï¸push BTC to the edge... - AmatongRj"
25-06-2021,blockstream,"#BlockstreamMarketsWeekly  Paraguay eyes $BTC as legal tender, El Salvador to send BTC to citizens, Citi launches BTC unit, ARK buys the dip, new ETFs in Brazil/Middle East, Sichuan turns up the heat on miners, and Elon agrees to Bitcoin talk with Jack   https://t.co/JLnwkqTdFz"
25-06-2021,criptonoticias,#OpiniÃ³n El sistema de #Bitcoin ha demostrado ser eficaz ante la concentraciÃ³n de poder que afecta al mundo Â¿Estas de acuerdo?ğŸ’¬ğŸ‘¥âœŠ  #BTC #Libertad #descentralizaciÃ³n  https://t.co/2tEUNu8t1G
25-06-2021,coinexcom,Announcement of Supporting More $USDT and $BTC Margining Pairs on June 25  ğŸ”—  https://t.co/nqEuDQPYlU  #CoinEx #BitcoinÂ  #USDT #BTCÂ  #CryptoNews #cryptoworld  https://t.co/n9g9oDSsCT
25-06-2021,infinitycrypto,Liquidity Pool staking is now live and active on #InfinityCrypto  Come add your $BNB - $BUSD pair now and earn some #liquiditypool fees while #staking for more $shard !  #defi #dex #cryptocurrency #binancesmartchain #bsc #decentralized #crypto $btc #bitcoin #farming #yieldfarming  https://t.co/BKZcQrLzwC
25-06-2021,bitcoin_brown,@Bateman_BTC Saved.
25-06-2021,lightningmlm, https://t.co/ROMniWKqq3 #Bitcoin Stabilized in Asian Trading after Two-week Low  https://t.co/SU8WqgpuM0 #btc #bounty #tron
,,
06-07-2021,b'NFT Art Finance',"b""RT @CoinMarketCap: Here are Last Week's Top Trending Tokens from the US of A! \xf0\x9f\x9a\x80 \n\nAre any of these Tokens are on your Portfolio?\n\n#CoinMark\xe2\x80\xa6"""
06-07-2021,b'Willy Woo',"b'@robbo7771 Purpose Bitcoin ETF is a proper ETF structure, it reduces BTC holdings when shares are sold so that shar\xe2\x80\xa6 https://t.co/2A0L5u19UB'"
06-07-2021,b'Micha\xc3\xabl van de Poppe',"b""#Bitcoin still acting in between the range, while volume is draining down.\n\nMatter of time until we'll see volatili\xe2\x80\xa6 https://t.co/BQXV02FkTx"""
06-07-2021,b'Willy Woo',"b""Combined BTC holdings of Grayscale and the Purpose Bitcoin ETF.\n\nGrayscale's inventory stopped growing when Purpose\xe2\x80\xa6 https://t.co/0RtP4OrNSK"""
06-07-2021,b'Samson Mow',"b'RT @DocumentingBTC: For about $20 of hardware, you can receive #Bitcoin transactions broadcasted from space. With the Blockstream satellite\xe2\x80\xa6'"
06-07-2021,b'El Pol\xc3\xadtico',b'Bitcoin se desploma por prohibici\xc3\xb3n china del minado en su territorio https://t.co/17cb8CWnLw'
06-07-2021,b'El Pol\xc3\xadtico',b'Dos hermanos sudafricanos protagonizan una de las mayores estafas con Bitcoin: huyen con $3.600 millones  https://t.co/5egwhIAxBY'
06-07-2021,b'BitMart.Exchange',"b'According to a new research, \xf0\x9f\x87\xba\xf0\x9f\x87\xb8USA is the world\'s most ""crypto-ready"" country. Oppositely, \xf0\x9f\x87\xa8\xf0\x9f\x87\xb3China recently cracked\xe2\x80\xa6 https://t.co/9m66ebCfN3'"
06-07-2021,b'Luis Bremer',b'RT @IsmaelBermudez1: El Rey del Bitcoin de Brasil fue arrestado por una estafa de al menos u$s300 millones https://t.co/4HZ0TwCPQ3 a trav\xc3\xa9s\xe2\x80\xa6'
06-07-2021,b'EMURGO',b'RT @John_CF: Nice! https://t.co/19LzNeuoeI'
06-07-2021,b'El Pol\xc3\xadtico',b'Muere ahogado en Costa Rica el magnate del Bitcoin Mircea  Popescu: \xc2\xbfQu\xc3\xa9 pasar\xc3\xa1 con su fortuna? https://t.co/KYg5TtLpIh'
06-07-2021,b'The Wolf Of All Streets',"b'When I asked about the #Bitcoin correction, @LynAldenContact made a powerful case that it was largely caused by\xe2\x80\xa6 https://t.co/aQNRgNUeAX'"
06-07-2021,b'LifeMathMoney - See Pinned Tweet',"b'RT @LifeMathMoney: Crypto will make all of these companies irrelevant:\n\n- Visa, Mastercard\n- Paypal, PayTM, etc.\n- Every central bank\n- Eve\xe2\x80\xa6'"
06-07-2021,b'mocho17\xe2\x84\xa2\xc2\xae\xc2\xa9 unLCe paolo usdt maxi BRRR $$$$ \xe2\x84\xa2\xc2\xae\xc2\xa9',b'ok to be a devil advocate but.. \nwith all this fud \nminers bans binance uk \nbinance barcley \nan soo on \nbtc still t\xe2\x80\xa6 https://t.co/6IElud21b6'
06-07-2021,b'Guillermo Barba',b'RT @memobarba: Que #bitcoin es usado por criminales y por eso hay que prohibirlo o no permitir su legalizaci\xc3\xb3n? \xf0\x9f\xa4\x94 \n\nBajo esa l\xc3\xb3gica habr\xc3\xada\xe2\x80\xa6'
06-07-2021,b'IncomeSharks',b'$BTC chop is causing dominance to drop again. Seeing lots of $BTC paired alts starting to benefit from the chop as\xe2\x80\xa6 https://t.co/Jgi7ULyO8M'
06-07-2021,b'Motherboard',b'RT @VICENews: .@keegan_hamilton and @jason_koebler are talking all things bitcoin and El Salvador right now.\n\nHead over to @Reddit and AMA!\xe2\x80\xa6'
06-07-2021,b'Cheds',b'$BTC #Bitcoin continue to monitor that 4H MA 200 https://t.co/JxA3zls33e https://t.co/bKhg5Nm1IK'
06-07-2021,b'VICE News',b'.@keegan_hamilton and @jason_koebler are talking all things bitcoin and El Salvador right now.\n\nHead over to\xe2\x80\xa6 https://t.co/hhHTkSq4K2'
06-07-2021,b'Beef Ent.',b'RT @epazz: The crypto enthusiasts still believe that Bitcoin will bounce back from the current dip since it is has a strong market presence\xe2\x80\xa6'
06-07-2021,b'XRPcryptowolf',"b'Tesla Facing Up To $100,000,000 Bitcoin Impairment Loss In Q2 Amidst #Crypto Price Slump\nhttps://t.co/ip5tcji8pp'"
06-07-2021,b'Bitcoin News',"b'Claudio Oliveira, known as the King of #Bitcoin, was arrested yesterday in Brazil on money laundering and\xe2\x80\xa6 https://t.co/ITDFMyBsa3'"
06-07-2021,b'Documenting Bitcoin \xf0\x9f\x93\x84',"b'For about $20 of hardware, you can receive #Bitcoin transactions broadcasted from space. With the Blockstream satel\xe2\x80\xa6 https://t.co/u7ZbgW1LvC'"
06-07-2021,b'ForbesLife',b'Inside a $65 million Beverly Hills estate: https://t.co/HTPHUb1nUU https://t.co/HaxnyF7D1o'
06-07-2021,b'SuperHaber',"b""\xf0\x9f\xa4\xa8\xf0\x9f\xa4\x94 Bitcoin'li bomba tehdidi y\xc3\xbcz\xc3\xbcnden geni\xc5\x9f \xc3\xa7apl\xc4\xb1 g\xc3\xbcvenlik \xc3\xb6nlemi al\xc4\xb1nd\xc4\xb1!\n\nhttps://t.co/KpLEVjJbTl"""
06-07-2021,b'TalCual',"b'Binance permite  recibir fondos directamente en criptomonedas. Por ejemplo, que otro usuario te deposite BTC en la\xe2\x80\xa6 https://t.co/qRSA4fSP1E'"
06-07-2021,b'C.J. Wilson',b'@kitathinking @RD_btc @steve_hanke premine'
06-07-2021,b'Samson Mow',"b""RT @paoloardoino: Heisenberg's Uncertainty Principle says that you can't exactly measure at the same time #bitcoin FUD and its price."""
06-07-2021,b'Samson Mow',b'RT @stokr_io: Check out the recent panel @Blockstream\xe2\x80\x99s @adam3us and @KnutsonJesse did for the #MacquarieTechnologySummit to discuss #Bitco\xe2\x80\xa6'
06-07-2021,b'T\xc3\xbcrk\xc3\xa7e',"b""Kiev'de belediye binas\xc4\xb1nda bomba pani\xc4\x9fi!: Ukrayna\xe2\x80\x99n\xc4\xb1n ba\xc5\x9fkenti Kiev'de kimli\xc4\x9fi belirsiz \xc5\x9fah\xc4\xb1s g\xc3\xb6nderdi\xc4\x9fi maille bel\xe2\x80\xa6 https://t.co/c6xITpG6Lw"""
06-07-2021,b'JRNY Crypto',b'RT @BTC_Archive: Don\xe2\x80\x99t listen to the media. \nThey know nothing about #Bitcoin\xc2\xa0 and don\xe2\x80\x99t care about your future. https://t.co/rdvPkbpkZL'
06-07-2021,b'Empiricus',"b'\xf0\x9f\x97\x9e Destaques da tarde:\n\n\xf0\x9f\x92\xb2EUA avan\xc3\xa7am com departamento para tratar de criptomoedas e bitcoin avan\xc3\xa7a, limitado pela Ch\xe2\x80\xa6 https://t.co/GEpW5A5S2a'"
06-07-2021,b'Diario La Naci\xc3\xb3n',"b'En la entrega especial de #EmprendedoresLN de los martes, hoy llega la historia de un joven que apunta a facilitar\xe2\x80\xa6 https://t.co/nHVeNGqEJG'"
06-07-2021,b'The Wolf Of All Streets',"b""A normie guide to #Bitcoin price action in 2021.\n\nNature is healing, it's like Musk never existed. https://t.co/gsPp6WxBMH"""
06-07-2021,b'Daan Crypto Trades',"b'RT @DaanCrypto: $BTC Liquidity \xf0\x9f\x93\x9a\n\nI often use the term ""Liquidity"" in my analysis\'.\n\nI\'ll explain how it works and how I use it personally.\xe2\x80\xa6'"
06-07-2021,b'Travladd Crypto',b'Astro Bull token just launched\n\n-Holders of Astro Bull($ABULL) receive auto BUSD stablecoin payouts\n-LP locked on d\xe2\x80\xa6 https://t.co/XZn7yPQemJ'
06-07-2021,b'Daan Crypto Trades',"b'RT @CryptoTonyV2: Twitter have suspended my account for an unknown reason, and I will get to the bottom of this \xe2\x80\xbc\xef\xb8\x8f \n\nPlease like and retwee\xe2\x80\xa6'"
06-07-2021,b'The Wolf Of All Streets',b'When you finally decide to buy Altcoins again and #Bitcoin immediately dumps.  https://t.co/CZsdsogZT0'
06-07-2021,b'acento.com.do',b'Bitcoin: claves para el segundo semestre de 2021 https://t.co/Vh6ZPtrowq #AcentoDiario'
06-07-2021,b'NBC Nightly News with Lester Holt',"b""RT @JoshNBCNews: Inside one of the nation's largest cryptocurrency mines, and the first with its own power plant. Our deep dive for @NBCNig\xe2\x80\xa6"""
06-07-2021,"b'Trade Alerts, Trade Ideas and Crypto \xf0\x9f\x87\xba\xf0\x9f\x87\xb8'",b'RT @CryptoTraderPro: BTC USDT https://t.co/1XtMI0eckH \xf0\x9f\x8c\x8d Bittrex Global via \xe2\x9f\xb6 https://t.co/2cRSy2B7Nw \xe2\x88\x9a https://t.co/B7pg2qGtmS'
06-07-2021,b'Cointelegraph',"b""A quick 'wow' followed by 'oops.' #Bitcoin probably went too high so quickly that people are in disbelief. However,\xe2\x80\xa6 https://t.co/lxIT8BgXE3"""
06-07-2021,b'News18',"b""Bitcoin Mining Just Got Easier. Here's Why It Is Important To Mind The Environmental Cost\n\nhttps://t.co/Yq3cocFu2c"""
06-07-2021,b'Documenting Bitcoin \xf0\x9f\x93\x84',b'The #Bitcoin mining firm Argo Blockchain announced that it\xe2\x80\x99s exploring a potential secondary listing on NASDAQ. https://t.co/aax3k3ntfN'
06-07-2021,b'TalCual',"b'Las criptomonedas con mayor volumen de mercado y las m\xc3\xa1s utilizadas al momento de invertir, son bitcoin (BTC) y eth\xe2\x80\xa6 https://t.co/L2MdSXTICm'"
06-07-2021,b'Cointelegraph',"b'Altcoins are booking double-digit gains, but traders are keeping a close eye on Bitcoin price as it trades in the $\xe2\x80\xa6 https://t.co/25NlVQp4pR'"
06-07-2021,b'Altcoin Daily',b'#bitcoin #crypto #ethereum #cardano #solana #doge #sushi #thorchain #aave https://t.co/YiFRLSZgyf'
06-07-2021,b'Cointelegraph',b'Are you surprised? ADA and DOGE have become the most popular buy-and-hold assets for U.S. eToro users https://t.co/EUm3wIZWbU'
06-07-2021,b'Forbes Crypto',b'Author of best-selling investing books Nassim Taleb delivered a scathing review of bitcoin during a recent conferen\xe2\x80\xa6 https://t.co/4NV0Ry90XH'
06-07-2021,b'Max Keiser',"b'RT @twentyoneism: BLOCK009 MUSIC @reelrichard\n""#Bitcoin feels like it\xe2\x80\x99s happening really fast right now. With El Salvador, we\xe2\x80\x99re almost at\xe2\x80\xa6'"
06-07-2021,"b'Trade Alerts, Trade Ideas and Crypto \xf0\x9f\x87\xba\xf0\x9f\x87\xb8'","b'RT @BTC_Archive: $55b hedge fund, Marshall Wace, plans to invest in #Bitcoin and blockchain payments businesses.'"
06-07-2021,b'IncomeSharks',"b""$BTC - Let's see how this wedge holds up on the 4h. For now expecting a bounce to keep it in the wedge. If we lose\xe2\x80\xa6 https://t.co/LRCzWjaC9N"""
06-07-2021,b'Loma',"b'Not dead, still trading.\n\nI just know nobody needs another account to let them know that this $BTC PA is ranging an\xe2\x80\xa6 https://t.co/PIY7ZJcNtR'"
06-07-2021,b'Investing.com News',b'Bitcoin volatility will always disappoint some investors: Michael Saylor - https://t.co/nx7GqQGmsm'
06-07-2021,b'Usta Trader',"b'\xc3\x96nemli Duyuru\xe2\x9d\x97\xef\xb8\x8f\n\nDostlar\xc4\xb1m biliyorum herkes twitterde s\xc3\xbcrekli \xc3\xa7evirimi\xc3\xa7i olam\xc4\xb1yor. Analizlerimi, tradelerimi ve eks\xe2\x80\xa6 https://t.co/lvMAHBflUX'"
06-07-2021,b'MarQuis Trill \xe2\x80\xa2 Future Crypto Billionaire',"b'The long awaited Bitcoin and Ethereum Evaluation, ATH, RSI and Support Levels research is here. Use this to take ad\xe2\x80\xa6 https://t.co/it2Q3Cle07'"
06-07-2021,b'Satoshi without Motto',"b'RT @BitcoinMagazine: ""#Bitcoin may be more than a digital version of gold."" - Bloomberg monthly report https://t.co/O7YXsTFQhC'"
06-07-2021,b'Bitcoin Archive \xf0\x9f\x97\x84\xf0\x9f\x9a\x80\xf0\x9f\x8c\x94',b'@realcryptojo On-chain accumulation showing - but it\xe2\x80\x99s a deep market so it will take time to show up.'
06-07-2021,b'Satoshi without Motto',"b'RT @BitcoinMagazine: #Bitcoin Exchange Bybit To Require Stricter KYC, Including Facial Recognition\n\n""...in the end, all that these stricter\xe2\x80\xa6'"
06-07-2021,b'Hector Riveros',"b'RT @dw_espanol: \xf0\x9f\x87\xb8\xf0\x9f\x87\xbb #ElSalvador fue el primer pa\xc3\xads del mundo en hacer del #bitcoin su moneda oficial. \xc2\xbfEs esto bueno para los m\xc3\xa1s pobres, o\xe2\x80\xa6'"
06-07-2021,b'XRPcryptowolf',b'Digital payments giant Allied partnered with NYDIG to allow financial institutions to buy #Crypto and intends to pu\xe2\x80\xa6 https://t.co/9x2f3puPvU'
06-07-2021,b'ODELL',b'Citadel Dispatch e0.2.9 - bitcoin privacy and security with @craigraw and @ketominer https://t.co/FNdQBubo9i'
06-07-2021,b'El Pol\xc3\xadtico',b'Bitcoin se desploma por prohibici\xc3\xb3n china del minado en su territorio https://t.co/17cb8CWnLw'
06-07-2021,b'Travladd Crypto',b'\xf0\x9f\x92\xa5 #BSC PRESALE GEM \xf0\x9f\x92\xa5\n\n\xe2\x9a\xa1 PHOTON TOKEN \xe2\x9a\xa1 ($PHOTON)\n\nPresale is going LIVE very soon!\n\nWeb:\nhttps://t.co/1WfArpRmfO\n\nT\xe2\x80\xa6 https://t.co/H7rkOjhshQ'
06-07-2021,b'Bitcoin Archive \xf0\x9f\x97\x84\xf0\x9f\x9a\x80\xf0\x9f\x8c\x94',"b'$55b hedge fund, Marshall Wace, plans to invest in #Bitcoin and blockchain payments businesses.'"
06-07-2021,b'El Pol\xc3\xadtico',b'Dos hermanos sudafricanos protagonizan una de las mayores estafas con Bitcoin: huyen con $3.600 millones  https://t.co/5egwhIAxBY'
06-07-2021,b'CoinDesk',b'Leveraged funds trading bitcoin futures on the Chicago Mercantile Exchange continue to trim their short positions.\xe2\x80\xa6 https://t.co/N2rom0z2AB'
06-07-2021,b'\xc3\x81mbito Financiero',b'El Rey del Bitcoin de Brasil fue arrestado por una estafa de al menos u$s300 millones https://t.co/Sq78HkfxKY'
06-07-2021,b'\xe3\x82\xb6\xe3\x82\xa4\xef\xbc\xa6\xef\xbc\xb8\xef\xbc\x81',b'4\xe6\x99\x82\xe3\x81\xae\xe4\xbb\xae\xe6\x83\xb3\xe9\x80\x9a\xe8\xb2\xa8\xe3\x83\xac\xe3\x83\xbc\xe3\x83\x88\xe3\x81\xaf\n\n\xe3\x83\x93\xe3\x83\x83\xe3\x83\x88\xe3\x82\xb3\xe3\x82\xa4\xe3\x83\xb3/\xe5\x86\x86\xef\xbc\x9a374\xe4\xb8\x875000\xe5\x86\x86\n\xe3\x83\x93\xe3\x83\x83\xe3\x83\x88\xe3\x82\xb3\xe3\x82\xa4\xe3\x83\xb3FX/\xe5\x86\x86\xef\xbc\x9a390\xe4\xb8\x870200\xe5\x86\x86\n\xe3\x82\xa4\xe3\x83\xbc\xe3\x82\xb5\xe3\x83\xaa\xe3\x82\xa2\xe3\x83\xa0/\xe5\x86\x86\xef\xbc\x9a25\xe4\xb8\x875663\xe5\x86\x86\n\xe3\x83\xaa\xe3\x83\x83\xe3\x83\x97\xe3\x83\xab/\xe5\x86\x86\xef\xbc\x9a73.00\xe5\x86\x86\n\n\xe3\x81\xa7\xe3\x81\x99\xe3\x80\x82 #zaifx #\xe4\xbb\xae\xe6\x83\xb3\xe9\x80\x9a\xe8\xb2\xa8 #\xe3\x83\x93\xe3\x83\x83\xe3\x83\x88\xe3\x82\xb3\xe3\x82\xa4\xe3\x83\xb3\n\n\xe3\x83\x81\xe3\x83\xa3\xe3\x83\xbc\xe2\x80\xa6 https://t.co/X5fz9kG93L'
06-07-2021,b'Presse-citron',"b""Bitcoin : ce lac est aussi chaud qu'un jacuzzi \xc3\xa0 cause du minage intensif  https://t.co/MBFDS17O5r"""
06-07-2021,b'Bitcoin Magazine',"b'#Bitcoin Exchange Bybit To Require Stricter KYC, Including Facial Recognition\n\n""...in the end, all that these stric\xe2\x80\xa6 https://t.co/57ptP93fsq'"
06-07-2021,b'CoinDesk',"b'LIVE: ""All About Bitcoin"" brings you the latest news on all things, questions and markets related the top cryptocur\xe2\x80\xa6 https://t.co/pY2Fsh7XzR'"
06-07-2021,b'El Pol\xc3\xadtico',b'Muere ahogado en Costa Rica el magnate del Bitcoin Mircea Popescu; \xc2\xbfQu\xc3\xa9 pasar\xc3\xa1 con su fortuna? https://t.co/EkAw2kbrkJ'
06-07-2021,b'Traffic Updates + Useful Info',b'Buy a CoolWallet S Wireless Bluetooth Crypto Wallet from @PlentyGadgets. Prevent theft of your crypto on crypto exc\xe2\x80\xa6 https://t.co/kMw45hKJSV'
06-07-2021,b'El Pol\xc3\xadtico',b'\xc2\xbfPaso atr\xc3\xa1s con el Bitcoin en El Salvador? Expertos se\xc3\xb1alan que la medida amenaza la estabilidad econ\xc3\xb3mica https://t.co/9Ixw48AHjZ'
06-07-2021,b'Bitcoin Magazine',"b'""#Bitcoin may be more than a digital version of gold."" - Bloomberg monthly report https://t.co/O7YXsTFQhC'"
06-07-2021,b'PlanB',b'#bitcoin denominated in gold .. where will 2021 ATH be? https://t.co/3XWj3L8FPX'
06-07-2021,b'El Pol\xc3\xadtico',b'Muere ahogado en Costa Rica el magnate del Bitcoin Mircea  Popescu:  \xc2\xbfQu\xc3\xa9 pasar\xc3\xa1 con su fortuna? https://t.co/KYg5TtLpIh'
06-07-2021,b'Guillermo Barba',"b'En p\xc3\xbablico muchos no lo reconocen pero deben saber que\xe2\x80\xa6\n\nPese a que muchos les hacen \xe2\x80\x98el feo\xe2\x80\x99, 72% de millonarios i\xe2\x80\xa6 https://t.co/PIB0jR7EsV'"
06-07-2021,b'Ash WSB \xf0\x9f\x8d\xa5',"b""IF YOU HAVE A:\n\nRolex\nGucci shoes\nLouis Vutton bag\n\nBUT YOU DON'T HAVE A:\nStocks \nBitcoin \nSide-hustle\n\nTHEN YOU'RE HUSTLING BACKWARDS"""
06-07-2021,b'Peter McItsComingHome \xf0\x9f\x8f\xb4\xf3\xa0\x81\xa7\xf3\xa0\x81\xa2\xf3\xa0\x81\xa5\xf3\xa0\x81\xae\xf3\xa0\x81\xa7\xf3\xa0\x81\xbf',b'@DocumentingBTC Bought many cups of coffee with #bitcoin there'
06-07-2021,b'Alex Mashinsky \xc2\xa9\xef\xb8\x8f',"b'Ether already \xe2\x80\x98flippening\xe2\x80\x99 Bitcoin, says Celsius CEO https://t.co/ppXZff9kdl via @cointelegraph @CelsiusNetwork @KitcoNewsNOW'"
06-07-2021,b'Documenting Bitcoin \xf0\x9f\x93\x84',b'You can buy a cup of coffee with #bitcoin\n\n https://t.co/V0A2bg3VYj'
06-07-2021,b'Jessica Vaugn',"b'RT @LoveIsBitcoin21: ""I\xe2\x80\x99m #Bitcoin monogamous."" -@JessicaVaugn https://t.co/BpiCyo6r1z'"
06-07-2021,b'Altcoin Daily',b'REMEMBER: The 90s dot-com boom was primarily confined to US accredited investors. #Bitcoin &amp; #crypto is global. The\xe2\x80\xa6 https://t.co/mRyK2USIln'
06-07-2021,b'El Pol\xc3\xadtico',b'\xc2\xa1Cay\xc3\xb3 45%! Bitcoin registr\xc3\xb3 su peor segundo trimestre de la historia https://t.co/stJVVuCJnG'
06-07-2021,b'Robert Breedlove',b'@grind_time74 @blockchainchick Selling fiat to buy #Bitcoin unmutes us.'
06-07-2021,b'acento.com.do',b'Hackers atacan empresas de EE.UU. y piden recompensa millonaria en BTC https://t.co/G9uq7dH4lp #AcentoDiario'
06-07-2021,b'Hend Amry',"b'@EndlessJeopardy What is \xe2\x80\x9cIt is a truth universally acknowledged, that a single man in possession of a good fortune\xe2\x80\xa6 https://t.co/mgQ5SfLVQQ'"
06-07-2021,b'Ash WSB \xf0\x9f\x8d\xa5',"b'BREAKING : \n\n2025 : ""Bitcoin crashes to $500,000""'"
06-07-2021,b'Mr. Whale',b'BREAKING: Financial Crimes Enforcement Network (FinCEN) has just appointed the first-ever chief cryptocurrency advi\xe2\x80\xa6 https://t.co/lUWtdf8Wmw'
06-07-2021,b'Son Dakika T\xc3\xbcrk',b'Kiev\xe2\x80\x99de bomba pani\xc4\x9fi: \xe2\x80\x9cBitcoin yollamazsan\xc4\xb1z bombay\xc4\xb1 patlat\xc4\xb1r\xc4\xb1m\xe2\x80\x9d https://t.co/cQmMvALi8U'
06-07-2021,b'Darina',b'RT @DarinaDiosa: Send me #Bitcoin or #Ethereum to make my day. \xf0\x9f\x92\x8c https://t.co/EnPuLtfZQd'
06-07-2021,b'G\xc3\xbcncel Haberler',b'Kiev\xe2\x80\x99de bomba pani\xc4\x9fi: \xe2\x80\x9cBitcoin yollamazsan\xc4\xb1z bombay\xc4\xb1 patlat\xc4\xb1r\xc4\xb1m\xe2\x80\x9d https://t.co/EqNCLSusC1'
06-07-2021,b'Benjamin Cowen',b'Playing in the sandbox is the best phase for #Bitcoin. It separates out those that actually are here for the long-t\xe2\x80\xa6 https://t.co/BniTgsPxO9'
06-07-2021,b'Son Dakika Haberleri',b'Kiev\xe2\x80\x99de bomba pani\xc4\x9fi: \xe2\x80\x9cBitcoin yollamazsan\xc4\xb1z bombay\xc4\xb1 patlat\xc4\xb1r\xc4\xb1m\xe2\x80\x9d https://t.co/hv6TZvnNct'
06-07-2021,b'Infobae Am\xc3\xa9rica',b'Las dos criptomonedas que le quieren disputar el liderazgo a Bitcoin https://t.co/19H8FYgUtV'
06-07-2021,b'CoinDesk',"b""Axies' play-to-earn economy booms as bitcoin's cash and carry arbitrage loses shine and DeFi rates converge with th\xe2\x80\xa6 https://t.co/2yKPlrJG67"""
06-07-2021,b'Joe Weisenthal',"b'@crypto_bobby No idea what any of them does, other than outperform bitcoin by a wide margin.'"
06-07-2021,b'CriptoNoticias',b'Debate sobre Bitcoin debe llegar a la presidencia de M\xc3\xa9xico: senadora Indira Kempis #Eventos https://t.co/Mjhw5D8B9r'
06-07-2021,b'Rookie\xf0\x9f\xa6\xa5',"b'Altcoin/USDT paritesinde i\xc5\x9flem g\xc3\xb6ren toplam 305 koinin, son 24 saatte 229 adedi de\xc4\x9fer kazanm\xc4\xb1\xc5\x9ft\xc4\xb1r (75%)\n\nAltcoin/BT\xe2\x80\xa6 https://t.co/fjfX56Op6T'"
06-07-2021,b'Altcoin Daily',b'#Bitcoin and #crypto is like the internet in the 90s. \xf0\x9f\x9a\x80\xf0\x9f\x92\x8e\xf0\x9f\x99\x8c https://t.co/KR4qgGXrnx'
06-07-2021,b'S\xc3\xb6zc\xc3\xbc',b'Ukrayna\xe2\x80\x99da bomba pani\xc4\x9fi: Bitcoin yollamazsan\xc4\xb1z bombay\xc4\xb1 patlat\xc4\xb1r\xc4\xb1m\nhttps://t.co/DdlaXzxouE'
06-07-2021,"b'Trade Alerts, Trade Ideas and Crypto \xf0\x9f\x87\xba\xf0\x9f\x87\xb8'",b'RT @BTC_Archive: Don\xe2\x80\x99t listen to the media. \nThey know nothing about #Bitcoin\xc2\xa0 and don\xe2\x80\x99t care about your future. https://t.co/rdvPkbpkZL'
06-07-2021,b'Medyan\xc4\xb1n Elli Tonu',"b""Kiev'de kimli\xc4\x9fi belirsiz \xc5\x9fah\xc4\xb1s, g\xc3\xb6nderdi\xc4\x9fi maille belediye binas\xc4\xb1na bomba koydu\xc4\x9funu ve kendisine kripto para birimi\xe2\x80\xa6 https://t.co/88Hu7FlQbY"""
06-07-2021,b'Locksmith',"b'Ara b\xc3\xb6lgelerde i\xc5\x9flem yapma riskini ben g\xc3\xb6ze almak istemiyorum. \xc4\xb0steyen al\xc4\xb1r, d\xc3\xbc\xc5\x9f\xc3\xbc\xc5\x9f ihtimali kar\xc5\x9f\xc4\xb1s\xc4\xb1nda da zarar\xc4\xb1 ka\xe2\x80\xa6 https://t.co/MmM3Ib1BuH'"
06-07-2021,b'Satoshi without Motto',b'The speculation around #Korean exchange owner and the current 1Hr RSI of 46.7 indicates a neutral action on the tra\xe2\x80\xa6 https://t.co/ZPhgnkRKRC'
06-07-2021,"b'Trade Alerts, Trade Ideas and Crypto \xf0\x9f\x87\xba\xf0\x9f\x87\xb8'",b'RT @CryptoTraderPro: Time factor and momentum analysis on Bitcoin https://t.co/wtpmNxuNkE \xf0\x9f\x8c\x8d Bittrex Global via \xe2\x9f\xb6 https://t.co/2cRSy2B7Nw \xe2\x88\x9a\xe2\x80\xa6'
06-07-2021,"b'Trade Alerts, Trade Ideas and Crypto \xf0\x9f\x87\xba\xf0\x9f\x87\xb8'","b'RT @CryptoTraderPro: BTC to drop 4,5k tomorrow? https://t.co/OfXRnDTxFe \xf0\x9f\x8c\x8d Bittrex Global via \xe2\x9f\xb6 https://t.co/2cRSy2B7Nw \xe2\x88\x9a https://t.co/A8Iju\xe2\x80\xa6'"
06-07-2021,"b'Trade Alerts, Trade Ideas and Crypto \xf0\x9f\x87\xba\xf0\x9f\x87\xb8'","b'RT @CryptoTraderPro: BTC to drop 4,5k tomorrow? https://t.co/PPNzavsicJ \xf0\x9f\x8c\x8d Bittrex Global via \xe2\x9f\xb6 https://t.co/2cRSy2B7Nw \xe2\x88\x9a https://t.co/lAR4o\xe2\x80\xa6'"
05-07-2021,davidgokhshtein,Whales are buying #Bitcoin because they understand what hard money is.
05-07-2021,unicunshop,Gold and Silver Bitcoin Coins  https://t.co/In4K1z6tLl #UnicunShop
05-07-2021,newsinvesting,Axie Infinity (AXS) and Waves make gains as Bitcoin flatlines below $34K  -  https://t.co/iwb3HOd3cX
05-07-2021,elpoliticonews,"Bitcoin serÃ¡ clave en la recuperaciÃ³n econÃ³mica de Venezuela, segÃºn experto  https://t.co/awTq7u82br"
05-07-2021,basindabtk,"ğŸ’@spaceratmatic is having their FIRST IDO through their LAUNCHPAD!ğŸ”¥ Meet @spacerisepoly , the fork and improved version of the famous EverRise. âœ…NO BOTS CAN GAME THE TOKENOMICS âœ…TRUSTED TEAM  Launching soonğŸš€ #bitcoin   https://t.co/q7nGC5UO5S  https://t.co/oD1rPqI11e"
05-07-2021,dolartoday,"#ATENTO   #4thofJulyS Â¡Impresionante! ğŸ¤”MuriÃ³ un multimillonario en #Bitcoin, ğŸª™ y nadie sabe cÃ³mo acceder a la fortuna en criptomoneda ğŸ‘‡ğŸ»  https://t.co/UFviQZqnbS"
05-07-2021,mmcrypto,"ONCE #BITCOIN BREAKS $36â€˜000 IT IS GETTING VERY, VERY JUICY!"
05-07-2021,kriptomessi,Bitcoin hafta kapanÄ±ÅŸÄ±nÄ± 36k Ã¼zerinde yapmasÄ± gÃ¼zel olur.#dock #kava gibi haberi olan coinler gÃ¼zel tepkiler veriyor.Altcoinlerdeki hareket iyi bir  hafta kapanÄ±ÅŸÄ± ile devam edebilir.
04-07-2021,tgrthabertv,â€˜Tosuncukâ€™ Mehmet AydÄ±nâ€™Ä±n gizli planÄ±: Åifre Bitcoin | Ferhat ÃœnlÃ¼ ile Hafta Sonu Ana Haber | @unluferhat  https://t.co/6YoCHT6OVh
04-07-2021,tgrthabertv,â€˜Tosuncukâ€™ Mehmet AydÄ±nâ€™Ä±n gizli planÄ±: Åifre Bitcoin | Ferhat ÃœnlÃ¼ ile Hafta Sonu Ana Haber | @unluferhat  https://t.co/6YoCHT6OVh
05-07-2021,davidgokhshtein,#Bitcoin - I want that huge green candle to just come out of nowhere to send this entire market.   ğŸ™
05-07-2021,datos365,â–ªï¸ La evoluciÃ³n de Bitcoin durante los Ãºltimos diez aÃ±os  https://t.co/tlvLsF9mFn
05-07-2021,thereallisaann,Take your #NBA betting at @BovadaOfficial  to the next level with my #Bitcoin Bonus Code: LISA250BV  https://t.co/WhzUCKgq3G
04-07-2021,bitcoinmagazine,"#Bitcoin And The American Idea  ""In the end, Bitcoin may be that declaration, in the original American tradition of anti-authoritarianism and personal freedom, that helps finally rid us of our saddles and riders.""  Written by @gladstein   https://t.co/kW3RA9u6bv"
04-07-2021,steve_hanke,"For #Bitcoin transactions in El Salvador, it will be nearly impossible for transaction parties to provide complete know-your customer information, as envisioned under the Bitcoin Law. Red flags by the Financial Action Task Force are imminent.  https://t.co/wxo5pWDjhu"
04-07-2021,trader1sz,Iâ€™ll be back at it again tomorrow 7pm (BST) with â€˜Bitcoin For Ledgesâ€™ sponsored exclusively by @Delta_Exchange.  Looks like we are still in a range on the daily but will we break out?  Signup with Delta here:  https://t.co/8m1kmVcOZK and Iâ€™ll see you ledges tomorrow ğŸ‘ŠğŸ½
04-07-2021,elfinancierotv,"En MÃ©xico no estÃ¡ autorizado realizar operaciones con criptomonedas aunque Bitcoin ha tenido auge en el sector juvenil e inversionista, mencionÃ³ la periodista @JLeyvaReus, en #ElFinancieroBloomberg con @JimenezLandin.  https://t.co/MEJvAUyThr"
29-06-2021,erhanunall,#OTHERS.D  Tekrar gÃ¶z atmanÄ±n zamanÄ± geldi.  KanalÄ±n Ã¼st bÃ¶lgesinden geri dÃ¶ndÃ¼k. Åu an orta bÃ¶lgedeyiz. Marketin genelinde bir yÃ¼kseliÅŸ olmasÄ± durumunda altlarÄ±n Bitcoin'e gÃ¶re daha agresif olmasÄ±nÄ± bekleyebiliriz.   https://t.co/CgWOUiUMpj
29-06-2021,venturecoinist,"Michael Saylor &amp; $MSTR hold 100k+ Bitcoin, which is great if price goes up.  â€¢What if we go below avg entry? â€¢Can he be forced to unwind/sell?  I asked @PrestonPysh to explain the deal structure, potential outcomes, and market impact.  This one is wild:  https://t.co/hc6LNlYX2s"
29-06-2021,criptonoticias,".@RicardoBSalinas, dueÃ±o del @BancoAzteca, afirmÃ³ que Â«#Bitcoin es una buena forma de diversificar tu portafolio de #inversiÃ³nÂ» y recomendÃ³ a los inversionistas investigar sobre las criptomonedas y las posibilidades que estas ofrecenğŸ“°ğŸ¦ğŸ‘ #BTC  https://t.co/rNqLP7tdEL"
29-06-2021,benzinga,Ethereum or Bitcoin? | Ruell's Report | Stock Market Live ğŸš¨  https://t.co/HCdEH8GhG4
29-06-2021,ivanontech,Bitcoin will reach $100k Itâ€™s mathematically inevitable   All fiat goes to ZERO
05-07-2021,goingparabolic,1  #Bitcoin.  5 #Bitcoin.
05-07-2021,descifradocom,Conozca cÃ³mo y dÃ³nde comprar Bitcoin en Venezuela -  #4Jul/  https://t.co/ll0XGinfE5
05-07-2021,t3n,Nach Krypto-Crackdown in China: #Bitcoin-Mining-Difficulty eingebrochen  https://t.co/Vmoij8A2Uz
05-07-2021,lottotraders,Immortality On The #Blockchain: @MoonRabbitAZ is blending radical aging therapy &amp; fundamental genomic data with cryptographic distributed systems  #bullish #wallstreetbets #wsb #moonrabbit #bitcoin #crypto #cryptocurrency #btc  https://t.co/T5lTdWvvEv
05-07-2021,krakenfx,â˜ï¸ Self-Managed Super Funds allow Australians to invest part of their retirement savings into crypto â˜ï¸  Learn how to invest your SMSF in #Bitcoin:  https://t.co/HGPolcsHbX  https://t.co/llq2cq2S2o
05-07-2021,xatakamexico,"ROM 145: Salinas Pliego quiere bitcoin en MÃ©xico, Windows 11 serÃ¡ gratis y la llegada de HBO Max  https://t.co/PA9unjSe3Y  https://t.co/lkOlVHAVsj"
05-07-2021,elnacionalweb,"#4Jul | MuriÃ³ el multimillonario de bitcoin, Mircea Popescu, dejÃ³ US$2000 millones pero nadie tiene la contraseÃ±a   https://t.co/KxKSlKJy6q"
04-07-2021,Bitcoin Magazine,"Earlier today, #Bitcoin mining difficulty adjusted downward by a record -28.0%, in response to falling hash rate.   #Bitcoin continues to operate exactly as designed, all without a leader or asking for anyone's permission.   Tick Tock, Next Block. #Bitcoin just works.  https://t.co/izHErHlKPX"
04-07-2021,Brett Murphy,#linkedin #twitter #facebook #instagram #tumblr #socialmedia #pinterest #dogecoin #reddit #gift #gifts #birthdayweekend #giftideas #shop #shopping #affiliatemarketing #bitcoin Shop #gifts &amp; #baskets  https://t.co/dnN7uRmi6e
04-07-2021,Brett Murphy,#linkedin #twitter #facebook #instagram #dogecoin #socialmedia #pinterest #doge #deal #gift #gifts #birthdayweekend #giftideas #shop #shopping #affiliatemarketing #bitcoin #freeshipping on purchases over $25 at #Amazon  https://t.co/EynvCaoEnT
04-07-2021,Brett Murphy,#affiliate #affiliatemarketing #affiliates #affiliateprogram #affiliatemarketing Check my #website #makemoney #earnmoney #affiliate #referral #cashback #crypto #shopping #travel #business #bitcoin #dogecoin  https://t.co/vBHLD11zwQ
04-07-2021,El PolÃ­tico,Muere ahogado en Costa Rica el magnate del Bitcoin Mircea Popescu; Â¿QuÃ© pasarÃ¡ con su fortuna?             https://t.co/EkAw2kbrkJ
04-07-2021,loomdartğŸ¦ğŸ¦ğŸ¦,@AriDavidPaul @APompliano Because if they're trying to hijack the network via a 51% and you don't fight back all your bitcoin are worthless ğŸ˜…
03-07-2021,Thread Reader App,@PhysicsCrypto Halo! here is your unroll: Bitcoin is now in heavy accumulation. Supply shock in play. There'sâ€¦  https://t.co/gOld2wIy9m Talk to you soon. ğŸ¤–
03-07-2021,Brett Murphy,#linkedin #twitter #facebook #birthdaygirl #instagram #tumblr #socialmedia #pinterest #dogecoin #reddit #gift #gifts #giftideas #shop #shopping #affiliatemarketing #bitcoin Shop #gifts &amp; #baskets  https://t.co/dnN7uRmi6e
03-07-2021,Brett Murphy,#linkedin #twitter #facebook #birthdaygirl #instagram #dogecoin #socialmedia #pinterest #doge #deal #gift #gifts #giftideas #shop #shopping #affiliatemarketing #bitcoin #freeshipping on purchases over $25 at #Amazon  https://t.co/EynvCaoEnT
03-07-2021,Brett Murphy,#earnmoney #EarnMoneyOnline #OnlineMarketing #OnlineBusiness #incomefromhome #money #affiliatemarketing Check my #website #makemoney #earnmoney #affiliate #referral #cashback #crypto #shopping #travel #business #bitcoin #dogecoin  https://t.co/vBHLD11zwQ
04-07-2021,RT UK,A grim reason why #Bitcoin might be worth slightly more now...   https://t.co/SOnPaa6Atb
04-07-2021,Blockmine3rz,Bitmain Antminer S9 Bitcoin Miner with 120 / 220 volt APW3++ PSU  https://t.co/m04k3d3AW6
03-07-2021,ExpansiÃ³n,"#LoMÃ¡sLeÃ­do | El director general de Banco Azteca dijo que entiende la preocupaciÃ³n de los reguladores y se dijo preocupado de que el #bitcoin se use para ""cosas oscuritas""  https://t.co/JAu12qmZpP"
03-07-2021,Documenting Bitcoin ğŸ“„,#Bitcoin gives 7.6 billion people access to basic human rights by recycling 0.117% of the world's energy.
03-07-2021,Jeff Booth,"When misinformation becomes abundant, the truth becomes more valuable.   #Bitcoin"
03-07-2021,CoinDesk,"Mining Dogecoin is significantly less competitive than mining bitcoin. New blocks are discovered much faster and coin rewards are substantially higher â€“ 10,000 DOGE per block reward vs 6.25 BTC.  But itâ€™s still not as easy as youâ€™d think.  https://t.co/UCKvlVUrnm"
03-07-2021,Pomp ğŸŒª,@AriDavidPaul But the nation state made a chess move and the network navigated the obstacle without issue.   That is the point - the risk wasnâ€™t nearly as large of a risk as the bitcoin critics tried to present it.  Bitcoin is in a better position today than it was before the China decision.
03-07-2021,Brett Murphy,#linkedin #surprise #twitter #facebook #instagram #tiktok #socialmedia #pinterest #dogecoin #reddit #gift #gifts #giftideas #shop #shopping #affiliatemarketing #bitcoin Mrs. Fields Cookies - Shop Cookies &amp; Gift Baskets  https://t.co/cxtRqfOUhP
03-07-2021,Kripto Emre,The Economist pandemiden sonra kÃ¼resel ekonomik faaliyetleri deÄŸerlendirdiÄŸi bir normalleÅŸme endeksi yaratmÄ±ÅŸ.  66 ile endeks geÃ§en sene Nisan'dan bu yana 2X yapmÄ±ÅŸ. Toparlanma var ama yolun baÅŸÄ±ndayÄ±z.   Pandeminin #Bitcoin'e etkisini Ã¶lÃ§mek iÃ§in gÃ¼zel bir indikatÃ¶r olabilir.
03-07-2021,Brett Murphy,#linkedin #twitter #facebook #instagram #bitcoin #discounts #socialmedia #pinterest #dogecoin #deal #gift #gifts #giftideas #shop #shopping #shoppingonline #parking #airport SAVE BIG ON AIRPORT PARKING #airportparking  https://t.co/tzPAOUPX4L
03-07-2021,Brett Murphy,#linkedin #twitter #facebook #instagram #tiktok #discountcode #socialmedia #pinterest #dogecoin #deal #gift #gifts #giftideas #shop #shopping #affiliatemarketing #bitcoin #popcorn Enjoy $10 off Orders of $50+ - Use code IR10 -  https://t.co/3dP3OAwNjQ
03-07-2021,Brett Murphy,#linkedin #twitter #presents #facebook #instagram #dogecoin #socialmedia #pinterest #doge #deal #gift #gifts #giftideas #shop #shopping #affiliatemarketing #bitcoin #freeshipping on purchases over $25 at #Amazon  https://t.co/EynvCaoEnT
03-07-2021,Brett Murphy,#linkedin #twitter #presents #facebook #instagram #tumblr #socialmedia #pinterest #dogecoin #reddit #gift #gifts #giftideas #shop #shopping #affiliatemarketing #bitcoin Shop #gifts &amp; #baskets  https://t.co/dnN7uRmi6e
03-07-2021,Brett Murphy,#SocialMedia #socialmediamanager #social #media #twitter #facebook #instagram #pinterest #linkedin #affiliatemarketing Check my #website #makemoney #earnmoney #affiliate #referral #cashback #crypto #shopping #travel #business #bitcoin #dogecoin  https://t.co/vBHLD11zwQ
03-07-2021,Brett Murphy,#linkedin #twitter #facebook #instagram #tiktok #socialmedia #discountcode #pinterest #dogecoin #reddit #gift #gifts #giftideas #shop #shopping #affiliatemarketing #bitcoin Mrs. Fields Cookies - Shop Cookies &amp; Gift Baskets  https://t.co/cxtRqfOUhP
03-07-2021,BtcTurk | PRO,Price data of Turkish Lira pairs on #btcturkpro  Trade #Bitcoin and cryptocurrencies professionally on BtcTurk | PRO website and mobile app ğŸ‘‡  ğŸ“² iOS:  https://t.co/vSqmH7yjnd ğŸ“² Android:  https://t.co/pGUt8Seguf ğŸ’» Web:  https://t.co/fAUfWZlXZJ  https://t.co/rbyQxMpKjR
03-07-2021,#Help Me Pay My Bills,Start Receiving Bitcoin with  https://t.co/BKfBIPrye9 Fill a gap in your finances.  #needtopaybills    ``` Donate to: 3LPxvRuJNTKQrjbHypLpzFa4srrSj1dL8D #lightningnetwork  https://t.co/Ru7ScArEqO
03-07-2021,BtcTurk | PRO,Price data of #Bitcoin #BTC pairs on #btcturkpro  Trade Bitcoin and cryptocurrencies professionally on BtcTurk | PRO website and mobile app ğŸ‘‡  ğŸ“² iOS:  https://t.co/vSqmH7yjnd ğŸ“² Android:  https://t.co/pGUt8Seguf ğŸ’» Web:  https://t.co/iKyEvf0cpI  https://t.co/4wLS6NdYfH
03-07-2021,BtcTurk | PRO,Price data of #Tether #USDT pairs on #btcturkpro  Trade #Bitcoin and cryptocurrencies professionally on BtcTurk | PRO website and mobile app ğŸ‘‡  ğŸ“² iOS:  https://t.co/vSqmH7yjnd ğŸ“² Android:  https://t.co/pGUt8Seguf ğŸ’» Web:  https://t.co/AdB42psCLz  https://t.co/UYJl5mcC21
03-07-2021,Bitcoin News, https://t.co/SMtj13ISci #bitcoin #BTC #crypto
03-07-2021,BitcoinAgile,Marathon Digital MARA Announces #bitcoin Production and Mining Operation Updates for June 2021  https://t.co/yP9x203WRe  https://t.co/5XgKyejoLz
03-07-2021,Brett Murphy,#linkedin #presents #twitter #facebook #instagram #tumblr #socialmedia #pinterest #dogecoin #reddit #gift #gifts #giftideas #shop #shopping #affiliatemarketing #bitcoin Shop #gifts &amp; #baskets  https://t.co/dnN7uRmi6e
03-07-2021,Brett Murphy,#linkedin #presents #twitter #facebook #instagram #dogecoin #socialmedia #pinterest #doge #deal #gift #gifts #giftideas #shop #shopping #affiliatemarketing #bitcoin #freeshipping on purchases over $25 at #Amazon  https://t.co/EynvCaoEnT
03-07-2021,Brett Murphy,#cryptocurrency #cryptotrading #forextrading #forex #bitcoin #affiliatemarketing Check my #website #makemoney #earnmoney #affiliate #referral #cashback #crypto #shopping #travel #business #bitcoin #dogecoin  https://t.co/vBHLD11zwQ
03-07-2021,AirdropStar,ğŸ’§Pea Farm Airdrop ğŸ’§  ğŸ“ Listed on: BKEX and Coingecko  ğŸ† Task:           â• 0.2 SPEA (~$1.4)  ğŸ‘¨â€ğŸ‘©â€ğŸ‘§ Referral:    â• 0.2 SPEA (~$1.4)  ğŸ”› Airdrop Link &amp; Information:  https://t.co/RKp63GyPMx  #cryptocurrency #Bitcoin #Airdrop #BNB #BSC #Bitcoin #ETH #bounty  #SPEA #PEA #PeaFarm
03-07-2021,#Help Me Pay My Bills, https://t.co/YDXGulQRto SEC Commissioner Hester Peirce said a #bitcoin ETF is overdue and argued that its prior rejections for such funds is a kind of double standard. The SEC should have approved a bitcoin...  https://t.co/rRjfbjlvC9 #cryptocurrency #blockchain #cryptocurrencies
03-07-2021,glassnode alerts,ğŸ“Š Daily On-Chain Exchange Flow  #Bitcoin $BTC â¡ï¸  $852.7M in â¬…ï¸  $998.1M out ğŸ“‰ Net flow: -$145.4M  #Ethereum $ETH â¡ï¸  $293.4M in â¬…ï¸  $1.5B out ğŸ“‰ Net flow: -$1.2B  #Tether (ERC20) $USDT â¡ï¸  $316.5M in â¬…ï¸  $257.3M out ğŸ“ˆ Net flow: +$59.2M   https://t.co/dk2HbGwhVw
03-07-2021,Huobi,#Bitcoin Taproot Upgrade Explained!
03-07-2021,NebraskanGoonerğŸ“ˆ,@CryptoKaleo You compared this from a period where Bitcoin went from $4k to $60k in less than 12 months.  I could make this comparison with BTC to literally anything over the last year  I'd be interested to see if the correlation holds value aside from the fact of every market pumped.
03-07-2021,#Help Me Pay My Bills, https://t.co/wRIJUss5iu Bought my vitamins with #Bitcoin  https://t.co/RtJCSvpWTs #ethereum #tron #Doge
03-07-2021,Brett Murphy,#income #onlineearning #earningonline #affiliatemarketing Check my website for #affiliate #referral #cashback #crypto #shopping #travel #business #dogecoin #bitcoin  https://t.co/vBHLD11zwQ
03-07-2021,Brett Murphy,#linkedin #twitter #facebook #discountcode #instagram #tiktok #socialmedia #tumblr #dogecoin #deal #gift #gifts #giftideas #shop #shopping #affiliatemarketing #bitcoin #popcorn Enjoy $10 off Orders of $50+ - Use code IR10 -  https://t.co/3dP3OAwNjQ
03-07-2021,Brett Murphy,#tumblr #twitter #facebook #discountcode #instagram #dogecoin #socialmedia #pinterest #doge #deal #gift #gifts #giftideas #shop #shopping #affiliatemarketing #bitcoin #freeshipping on purchases over $25 at #Amazon  https://t.co/EynvCaoEnT
03-07-2021,BarÄ±ÅŸ ErtÃ¼l,#Bitcoin zorluk ayarlamasÄ±na sadece iki blok kaldÄ±. YÃ¼zde 28 kolaylaÅŸtÄ±rma ile tarihin en bÃ¼yÃ¼k zorluk dÃ¼ÅŸÃ¼ÅŸÃ¼ gerÃ§ekleÅŸecek ve yÃ¼ksek mining karlÄ±lÄ±ÄŸÄ±yla hash gÃ¼cÃ¼ yeniden yÃ¼kseliÅŸe geÃ§ecek.  #Bitcoin gerÃ§ekten muazzam bir teknoloji. Durdurulamaz ve karÅŸÄ± konulamaz bir buluÅŸ.
02-07-2021,NebraskanGoonerğŸ“ˆ,#Bitcoin  Testing resistance..  Reject and we chop around more..  Breakout and... likely not a fake breakout.  https://t.co/4XSiVLd8Jr
02-07-2021,Michael,Bitcoin ETP Turns Carbon Neutral After Elon Musk Stokes Demand for Green Mining  https://t.co/WA6UyGT20v #Business #BTC  https://t.co/bhfDsJ3ZYr
02-07-2021,WhaleTrades ğŸ³,"ğŸ“ˆğŸ’´$1,861,390 #bitcoin LONGED @$33654.08 [02/07/21 14:30:58] ğŸ­ bybit | $BTCUSD  ğŸ—£ï¸Fool... you donâ€™t short Bitcoin, Bitcoin shorts you... - pennypacker_ltd"
02-07-2021,WhaleTrades ğŸ³,"ğŸ“ˆğŸ’´$1,907,441 #bitcoin LONGED @$33608.47 [02/07/21 14:30:56] ğŸ­ bybit | $BTCUSD  ğŸ—£ï¸Bitcoin is the real Bitcoin"
02-07-2021,BitcoinAgile,Get ready for BITSTAMP:BTCUSD by osxghost #Bitcoin $BTC  https://t.co/lpNr3FWOWQ  https://t.co/2M1b2mguX2
02-07-2021,BtcTurk | PRO TR,"8 yÄ±l Ã¶nce #BtcTurk'un kurulduÄŸu 1 Temmuz 2013 tarihinden beri, her ay 100 TL deÄŸerinde #Bitcoin almÄ±ÅŸ olsaydÄ±nÄ±z, 9.700 TL karÅŸÄ±lÄ±ÄŸÄ±nda yaklaÅŸÄ±k 5.9789 Bitcoin sahibi olabilecektiniz.  5.9789 Bitcoin, yaklaÅŸÄ±k 1,745,612 TL'ye karÅŸÄ±lÄ±k gelmektedir.   #BtcTurk8YaÅŸÄ±nda  https://t.co/f03T9Od1xT"
02-07-2021,Diario El Salvador,#LeyBitcoin El presidente @nayibbukele aclarÃ³ algunos puntos que generaban una Â«nube grisÂ» sobre el tema del #bitcoin en #ElSalvador.  https://t.co/Lb1dcVwrV6
02-07-2021,Genesis Mining,A look at the Bitcoin market by Midas Touch.  https://t.co/we8GEe2GAi
02-07-2021,Genesis Mining,Ethereum's daily acrive addresses surpass Bitcoin for the first time.  https://t.co/te39BG9bu4
02-07-2021,Genesis Mining,Bitcoin Mining is based on 56% renewable energies according to Bitcoin Mining Cuncil survey.  https://t.co/npS3JiqECH
02-07-2021,Genesis Mining,Bitcoin Hashrate starts to stabilize after China crackdown.  https://t.co/7ABfCZueoN
02-07-2021,Genesis Mining,"Here's the latest Bitcoin Mining Report, and the biggest headlines from this week! Check the thread!  https://t.co/vFvFQYOIp6"
02-07-2021,Journal du Coin,GrÃ¢ce Ã  un partenariat ğŸ¤ entre la sociÃ©tÃ© de services de paiement pour entreprises #NCR &amp; le gestionnaire d'actifs numÃ©riques @NYDIG_BTC 650 banques US ğŸ‡ºğŸ‡¸ vont bientÃ´t pouvoir offrir Ã  leur 24 millions de clients la possibilitÃ© de nÃ©gocier #Bitcoin ğŸ¦â¤µï¸  https://t.co/dEdthxtXXe
02-07-2021,David Gokhshtein,This guy is literally buying #Bitcoin. Just like the rest of them.   No clue what youâ€™re talking about.    https://t.co/gr4U2U2hkM
02-07-2021,ChainLinkGod.eth 2.0,"@DeFiCommerce @chainlink_alert No protocol is immune to an attacker with an unlimited budget, not even Bitcoin, but the economic incentives make it unrealistic"
02-07-2021,Brett Murphy,#linkedin #twitter #facebook #instagram #discounts #tiktok #socialmedia #pinterest #dogecoin #reddit #gift #gifts #giftideas #shop #shopping #affiliatemarketing #bitcoin Mrs. Fields Cookies - Shop Cookies &amp; Gift Baskets  https://t.co/cxtRqfOUhP
02-07-2021,Kapten Crypto 707,@CryptoKaleo But bitcoin already below MA 200.  https://t.co/Aft3jds2Oj
02-07-2021,Brett Murphy,#linkedin #twitter #facebook #instagram #bitcoin #socialmedia #pinterest #dogecoin #reddit #discountcode #gift #gifts #giftideas #shop #shopping #affiliatemarketing #drizly Delivers the #drinks to you #Beer #wine #liquor delivered in under 60 minutes  https://t.co/geyDQchEbS
02-07-2021,Brett Murphy,#linkedin #deals #twitter #facebook #instagram #tiktok #socialmedia #pinterest #dogecoin #reddit #gift #gifts #giftideas #shop #shopping #affiliatemarketing #bitcoin #delivery #order #food #lunch #dinner #grocery  https://t.co/YrVVXkW2bY
02-07-2021,Brett Murphy,#linkedin #twitter #facebook #instagram #tiktok #socialmedia #tumblr #dogecoin #deal #gift #gifts #giftideas #shop #celebration #shopping #affiliatemarketing #bitcoin #popcorn Enjoy $10 off Orders of $50+ - Use code IR10 -  https://t.co/3dP3OAwNjQ
02-07-2021,Brett Murphy,#tumblr #twitter #facebook #instagram #dogecoin #socialmedia #pinterest #doge #deal #gift #gifts #giftideas #shop #celebration #shopping #affiliatemarketing #bitcoin #freeshipping on purchases over $25 at #Amazon  https://t.co/EynvCaoEnT
02-07-2021,Brett Murphy,#fitnessfreak #fitness #freak #affiliatemarketing Check my website for #affiliate #referral #cashback #crypto #shopping #travel #business #dogecoin #bitcoin  https://t.co/vBHLD11zwQ
02-07-2021,#Help Me Pay My Bills,"While the Lightning NetWork Solves two of Bitcoin""s Key issues of   Slow Transaction Speeds and  High fees,   it does not deal with the most Crucial - distribution.   https://t.co/ggnw6wQ0Qe does.  #GetCashNow  ~~~~~ Donate to: 3LPxvRuJNTKQrjbHypLpzFa4srrSj1dL8D #lightningnetwork  https://t.co/MdBrBuQhGm"
02-07-2021,Kapten Crypto 707,@CryptoKaleo But bitcoin already below MA 200.  https://t.co/Aft3jds2Oj
02-07-2021,Brett Murphy,#linkedin #twitter #facebook #instagram #bitcoin #socialmedia #pinterest #dogecoin #reddit #discountcode #gift #gifts #giftideas #shop #shopping #affiliatemarketing #drizly Delivers the #drinks to you #Beer #wine #liquor delivered in under 60 minutes  https://t.co/geyDQchEbS
02-07-2021,Brett Murphy,#linkedin #deals #twitter #facebook #instagram #tiktok #socialmedia #pinterest #dogecoin #reddit #gift #gifts #giftideas #shop #shopping #affiliatemarketing #bitcoin #delivery #order #food #lunch #dinner #grocery  https://t.co/YrVVXkW2bY
02-07-2021,Brett Murphy,#linkedin #twitter #facebook #instagram #tiktok #socialmedia #tumblr #dogecoin #deal #gift #gifts #giftideas #shop #celebration #shopping #affiliatemarketing #bitcoin #popcorn Enjoy $10 off Orders of $50+ - Use code IR10 -  https://t.co/3dP3OAwNjQ
02-07-2021,Brett Murphy,#tumblr #twitter #facebook #instagram #dogecoin #socialmedia #pinterest #doge #deal #gift #gifts #giftideas #shop #celebration #shopping #affiliatemarketing #bitcoin #freeshipping on purchases over $25 at #Amazon  https://t.co/EynvCaoEnT
02-07-2021,Brett Murphy,#fitnessfreak #fitness #freak #affiliatemarketing Check my website for #affiliate #referral #cashback #crypto #shopping #travel #business #dogecoin #bitcoin  https://t.co/vBHLD11zwQ
02-07-2021,#Help Me Pay My Bills,"While the Lightning NetWork Solves two of Bitcoin""s Key issues of   Slow Transaction Speeds and  High fees,   it does not deal with the most Crucial - distribution.   https://t.co/ggnw6wQ0Qe does.  #GetCashNow  ~~~~~ Donate to: 3LPxvRuJNTKQrjbHypLpzFa4srrSj1dL8D #lightningnetwork  https://t.co/MdBrBuQhGm"
02-07-2021,Documenting Bitcoin ğŸ“„,"Greenidge is expanding its #Bitcoin mining operations to a retired 80MW+ printing plant in South Carolina that uses two-thirds zero-carbon energy, like nuclear. â™»ï¸ ğŸ‡ºğŸ‡¸  https://t.co/uDu9FsMVEJ"
02-07-2021,Mercados y Acciones,ğŸ”ºMERCADOS a esta hora :  ASIA cierra mixta .. EUROPA Ã³pera mixta .. FUTUROS NY en verde .. PETRÃ“LEO opera en baja .. ORO opera al alza .. BITCOIN opera en baja ..
02-07-2021,Jason A. Williams â€œParabolic Guyâ€,#Bitcoin difficulty is adjusted every 2016 blocks (every 2 weeks approximately) so that the average time between each block remains @ 10 minutes.  https://t.co/YBme0GBlQg
02-07-2021,Bloomberg,Price charts turn bearish for Bitcoin  https://t.co/VbEJnyUTEJ
02-07-2021,Luno,"@j_kayongo9 @LunoHelp Hi,  Luno doesnâ€™t set the price of Bitcoin or any cryptocurrencies that are available on its platform.  You can find out more about why the price of Bitcoin and other cryptocurrencies changes here:Â   https://t.co/SRCQb4bzJJ"
02-07-2021,Brett Murphy,#linkedin #twitter #facebook #instagram #tiktok #socialmedia #discounts #pinterest #dogecoin #reddit #gift #gifts #giftideas #shop #shopping #affiliatemarketing #omahasteaks #bitcoin free shipping with orders over $99 at  https://t.co/FsGWUaZyeH
02-07-2021,JRNY Crypto,"Twitter does NFTs on the Ethereum blockchain, but @Jack still says no to $ETH  But Twitter is yet to hold any #Bitcoin ğŸ¤”  Wen moon @TwitterSupport ??"
02-07-2021,Bitcoin Magazine,"""#Bitcoin really is a technology play first.  Ethereum and other altcoins feel like a marketing play."" -@AlyseKilleen  https://t.co/aDNt1qSJJ5"
02-07-2021,Brett Murphy,#giftsforher #linkedin #twitter #facebook #instagram #dogecoin #socialmedia #pinterest #doge #deal #gift #gifts #giftideas #shop #shopping #affiliatemarketing #bitcoin #freeshipping on purchases over $25 at #Amazon  https://t.co/EynvCaGffr
02-07-2021,Brett Murphy,#rt #twitter #instagram #facebook #socialmedia #pinterest #affiliatemarketing Check my #website #makemoney #earnmoney #affiliate #referral #cashback #crypto #shopping #travel #business #bitcoin #dogecoin  https://t.co/vBHLD0JY8g
01-07-2021,#Help Me Pay My Bills,How does bitcoin work and what's behind its spectacular rise?    https://t.co/42qYNirAkL  ...... Donate to: 3LPxvRuJNTKQrjbHypLpzFa4srrSj1dL8D #lightningnetwork
01-07-2021,Petro Divisaâ,El gigante de pagos NCR y New York Digital Investment Group unieron esfuerzos para permitir que 650 bancos ofrezca intercambio de #Bitcoin a sus 24 millones de clientes a travÃ©s de sus aplicaciones mÃ³viles. New York Digital administra activos alternativos por US$10 mil millones.  https://t.co/sIxdex4MNK
01-07-2021,13 On Your Side,Teen web developer creates cutting-edge Bitcoin forecasting website  https://t.co/zqSdXJz9hs
01-07-2021,#Help Me Pay My Bills, https://t.co/CSQpQkzVVE Germany to open floodgates to #Bitcoin investing: 1.8 Trillion dollar German spezialfonds eye Bitcoin starting 1st July  https://t.co/Cg0UeCGEox #Crypto #ethereum #Dogecoin
01-07-2021,En Perspectiva,"El Bitcoin empezÃ³ con la disrupciÃ³n de la industria del dinero, pero no se detendrÃ¡ allÃ­: Â«Nos va a traer cosas que hoy en dÃ­a es imposible imaginarÂ», dice el experto en dinero electrÃ³nico Javier Borkenztain.   https://t.co/oXQIRKHZvv  https://t.co/MxPIARJveW"
01-07-2021,#Help Me Pay My Bills, https://t.co/ez1nN9VvHx #Blockchain Caucus Co-Chair: Government Needs The Ability To Reverse Transactions  https://t.co/7iu6Dj3r6c #Doge #Bitcoin #tron
01-07-2021,Robert Breedlove,"Excellent synopsis by @DominicFrisby of the environmental disaster caused by big government, and fixed by #Bitcoin    https://t.co/NfRUueRsbH"
01-07-2021,#Help Me Pay My Bills,"The Bitcoin rules can be changed. The way it works is that there are a bunch of developers who regularly propose to update the network. Most of these updates are minor, and so the nodes will make the update.. Donate to: 3LPxvRuJNTKQrjbHypLpzFa4srrSj1dL8D #lightningnetwork"
01-07-2021,Brett Murphy,#linkedin #twitter #facebook #instagram #tiktok #socialmedia #tumblr #dogecoin #deal #gift #gifts #giftsforhim #giftideas #shop #shopping #affiliatemarketing #bitcoin #popcorn Enjoy $10 off Orders of $50+ - Use code IR10 -  https://t.co/3dP3OAwNjQ
01-07-2021,Brett Murphy,#EmailMarketing #InfluencerMarketing #freelance #contentmarketing #Sales #affiliatemarketing Check my website for #affiliate #referral #cashback #crypto #shopping #travel #business #dogecoin #bitcoin  https://t.co/vBHLD11zwQ
01-07-2021,MR. BITCOINğŸ’° THE TOPICğŸ¤ TheAshantiKing!ğŸ‡¬ğŸ‡­ğŸ‡ºğŸ‡¸â, https://t.co/3HSIMFIpRK: Tariq Nasheed: Bussy Entertainment TV Awards  https://t.co/NLrqsIzcBn (Learn2ï¸âƒ£Earnâ¡ï¸#BitcoinğŸ’°)  https://t.co/8JepnYXvxq
01-07-2021,MR. BITCOINğŸ’° THE TOPICğŸ¤ TheAshantiKing!ğŸ‡¬ğŸ‡­ğŸ‡ºğŸ‡¸â, https://t.co/3HSIMFIpRK: Iâ€™m Suing the Governor of California.  https://t.co/Pid6ucJE79 (Learn2ï¸âƒ£Earnâ¡ï¸#BitcoinğŸ’°)  https://t.co/tka9az7Arh
01-07-2021,MR. BITCOINğŸ’° THE TOPICğŸ¤ TheAshantiKing!ğŸ‡¬ğŸ‡­ğŸ‡ºğŸ‡¸â," https://t.co/3HSIMFIpRK: Before Collapse, Florida Condo President Warned About â€˜Concrete Deteriorationâ€™  https://t.co/VC8wMFXMY2 (Learn2ï¸âƒ£Earnâ¡ï¸#BitcoinğŸ’°)  https://t.co/EJLv5NyILm"
01-07-2021,MR. BITCOINğŸ’° THE TOPICğŸ¤ TheAshantiKing!ğŸ‡¬ğŸ‡­ğŸ‡ºğŸ‡¸â, https://t.co/3HSIMFIpRK: Bill Cosby Joins Attorney's Press Conference On His Overturned Conviction  https://t.co/Ht528Tbn3y (Learn2ï¸âƒ£Earnâ¡ï¸#BitcoinğŸ’°)  https://t.co/CfXAC2DZ1q
01-07-2021,Vi ğŸŒ·ğŸ³ï¸â€ğŸŒˆ,"@maisumaleticiaa perguntei aqui, parece que tÃ¡ 12 reais em bitcoin, mas aceitamos 6 na promoÃ§Ã£o aqui na minha mÃ£o"
01-07-2021,Brett Murphy,#linkedin #twitter #facebook #instagram #tiktok #socialmedia #tumblr #dogecoin #deal #gift #giftsforhim #gifts #giftideas #shop #shopping #affiliatemarketing #bitcoin #popcorn Enjoy $10 off Orders of $50+ - Use code IR10 -  https://t.co/3dP3OAwNjQ
01-07-2021,Brett Murphy,#bitcoins #bitcoinmining #bitcoincash #crypto #cryptocurrency #bitcoin #affiliatemarketing Check my website for #affiliate #referral #cashback #crypto #shopping #travel #business #dogecoin #bitcoin  https://t.co/vBHLD11zwQ
01-07-2021,â˜¢ï¸ Teo KanistrasÂ®,#TeoKanistras Gold outshines Bitcoin in Q2 even after posting its worst month since 2016  https://t.co/CiMstvoY7R
01-07-2021,BitcoinAgile,"US Mining Company TeraWulf Buys 30,000 #bitcoin Mining ASICs Ahead Of IPO  Benzinga  https://t.co/PepjpLfrtp  https://t.co/qIdzX9dwyh"
01-07-2021,Panamax Crypto,"Iâ€™m not a Bitcoin maxi, Iâ€™m not an Ethereum maxi, Iâ€™m not a maxi of altcoin.   I am a meme maximalist."
01-07-2021,WhaleTrades ğŸ³,"ğŸ’µ$2,010,110 $BTC LONGED @$35199.0 [30/06/21 23:46:49] ğŸ°Deribit | BTC-PERPETUAL  ğŸ’¬Every human screwed by a bank makes bitcoin adoption easier. - cryptododger"
01-07-2021,WhaleTrades ğŸ³,"ğŸ“ˆğŸ’´$1,990,632 #bitcoin LONGED @$35149.44 [30/06/21 23:46:01] ğŸ­ bybit | $BTCUSD  ğŸ—£ï¸Funds are Safu - CZ"
01-07-2021,WhaleTrades ğŸ³,"ğŸ“ˆğŸ’´$1,520,608 #bitcoin LONGED @$35109.84 [30/06/21 23:45:59] ğŸ­ bybit | $BTCUSD  ğŸ—£ï¸SLB Glorioso SLBğŸ¦… - CryptoKarlos"
01-07-2021,BitcoinAgile,42k and 28k  for COINBASE:BTCUSD by BizzarTrading #Bitcoin $BTC  https://t.co/gXZxqsHezX  https://t.co/yCoLivmC4G
01-07-2021,Brett Murphy,#linkedin #twitter #facebook #instagram #tiktok #socialmedia #tumblr #dogecoin #deal #giftsforhim #gift #gifts #giftideas #shop #shopping #affiliatemarketing #bitcoin #popcorn Enjoy $10 off Orders of $50+ - Use code IR10 -  https://t.co/3dP3OAwNjQ
01-07-2021,Brett Murphy,#jobsearch #secondincome #income #affiliatemarketing Check my website for #affiliate #referral #cashback #crypto #shopping #travel #business #dogecoin #bitcoin  https://t.co/vBHLD11zwQ
30-06-2021,BtcTurk,"BtcTurk CEO'su @GuneriOzgur, Para GÃ¼ndem'de  @EbruBaki'nin konuÄŸu oluyor.  GÃ¼neri, BtcTurk'Ã¼n 8. yaÅŸÄ±nÄ± ve #Bitcoin piyasalarÄ±ndaki gÃ¼ndemi deÄŸerlendirecek.   ğŸ—“ï¸PerÅŸembe (YarÄ±n) â°09:00 ğŸ“º@HaberturkTV canlÄ± yayÄ±n!  #BtcTurk8YaÅŸÄ±nda  https://t.co/K9G8mprRMZ"
30-06-2021,BtcTurk | PRO TR,"BtcTurk CEO'su @GuneriOzgur, Para GÃ¼ndem'de @EbruBaki'nin konuÄŸu oluyor.  GÃ¼neri, BtcTurk'Ã¼n 8. yaÅŸÄ±nÄ± ve #Bitcoin piyasalarÄ±ndaki gÃ¼ndemi deÄŸerlendirecek.  ğŸ—“ï¸1 Temmuz PerÅŸembe gÃ¼nÃ¼ â°09:00 ğŸ“º@HaberturkTV canlÄ± yayÄ±n!  #BtcTurk8YaÅŸÄ±nda  https://t.co/rGJ5imKSze"
30-06-2021,Diario El Salvador,#LeyBitcoin El presidente @nayibbukele aclarÃ³ algunos puntos que generaban una Â«nube grisÂ» sobre el tema del #bitcoin en #ElSalvador.  https://t.co/akcfn0wSaQ
30-06-2021,Davinci Jeremie,I still get government will ban #BitcoinÂ  comments.   I say you are right government successfully banned books and encryption so now we donâ€™t have books or encryption tools.  Wait a tic!!!
30-06-2021,Davinci Jeremie,"#BitcoinÂ  yearly lows gives us perspective. These are the levels guarded by the true HODLers.  2010 â€“ $0.01 2011 â€“ $0.30 2012 â€“ $4 2013 â€“ $65 2014 â€“ $200 2015 â€“ $185 2016 â€“ $365 2017 â€“ $780 2018 â€“ $3,122 2019 â€“ $3,322 2020 â€“ $3,850 2021 â€“ $32,333"
30-06-2021,Markets Insider,A key measure of the health of the bitcoin network has tumbled 50% from its peak in May following China's crypto crackdown  https://t.co/kTI43r4ckm
30-06-2021,Davinci Jeremie,If you use #bitcoinÂ  prices will go down not up.  https://t.co/ta3aXxaXv8
30-06-2021,Brett Murphy,#linkedin #twitter #facebook #instagram #tiktok #socialmedia #pinterest #dogecoin #reddit #gift #gifts #giftideas #shop #shopping #affiliatemarketing #bitcoin Mrs. Fields Cookies - Shop Cookies &amp; Gift Baskets  https://t.co/cxtRqfOUhP
30-06-2021,Brett Murphy,#linkedin #twitter #facebook #instagram #discount #bitcoin #socialmedia #pinterest #dogecoin #reddit #gift #gifts #giftideas #shop #shopping #affiliatemarketing #drizly Delivers the #drinks to you #Beer #wine #liquor delivered in under 60 minutes  https://t.co/geyDQchEbS
30-06-2021,The Moon ğŸŒ™,"Retire early because of your #Bitcoin, not your age."
30-06-2021,Coinkolik,"ğŸ“Œ Binance CEO'su: ""Teknolojik yeniliÄŸi silmek imkansÄ±zdÄ±r. Onlar insanlarÄ±n aklÄ±ndaki fikirlerdir. Ne kadar erken benimserseniz o kadar iyi. #Bitcoin"""
30-06-2021,Brett Murphy,#shoppingonline #linkedin #twitter #facebook #instagram #bitcoin #socialmedia #pinterest #dogecoin #deal #gift #gifts #giftideas #shop #shopping #shoppingonline #parking #airport SAVE BIG ON AIRPORT PARKING #airportparking  https://t.co/tzPAOUPX4L
30-06-2021,Brett Murphy,#linkedin #twitter #wedding #facebook #instagram #tiktok #socialmedia #tumblr #dogecoin #deal #gift #gifts #giftideas #shop #shopping #affiliatemarketing #bitcoin #popcorn Enjoy $10 off Orders of $50+ - Use code IR10 -  https://t.co/3dP3OAwNjQ
30-06-2021,Brett Murphy,#linkedin #twitter #facebook #instagram #tiktok #socialmedia #pinterest #dogecoin #deal #gift #gifts #giftideas #shop #shopping #affiliatemarketing #bitcoin #popcorn Enjoy $10 off Orders of $50+ - Use code IR10 -  https://t.co/3dP3OAwNjQ
30-06-2021,Meltem Demirâ—rs,"2/ now on to witness testimonies - Eva Su from the Congressional Research Service reminding everyone that bitcoin and ethereum are *not* securities, good start  she's focusing on securities regulation and potential changes to securities laws"
30-06-2021,Investing.com News,U.S. Senator Cynthia Lummis hails Bitcoin as a possible retirement strategy -  https://t.co/QWtQUQvSdL
30-06-2021,i newspaper,"Why Bitcoin's price is climbing, and what could happen next  https://t.co/cdohYmFDOH"
30-06-2021,BITCOIN EXPERT INDIA,Friends New video #BITCOIN PRICE PREDICTION JULY 2021 - à¤•à¥à¤¯à¤¾ BITCOIN à¤¦à¥‡à¤—à¤¾ à¤®à¥Œà¤•à¤¾ $50000 à¤¸à¥‡ à¤Šà¤ªà¤° à¤¨à¤¿à¤•à¤²à¤¨à¥‡ à¤•à¤¾ à¤œà¥à¤²à¤¾à¤ˆ à¤®à¥‡à¤‚ ?  https://t.co/YuHCwOjNE5
30-06-2021,Decrypt,"Morgan Stanley Fund Holds 28,000 Grayscale #Bitcoin Trust Shares  â–º  https://t.co/Q1gJ6vtsWK  https://t.co/Xdq2ASKGqh"
30-06-2021,Brett Murphy,#linkedin #twitter #facebook #instagram #tiktok #socialmedia #tumblr #dogecoin #deal #gift #gifts #giftideas #shop #shoppingstar #shopping #affiliatemarketing #bitcoin #popcorn Enjoy $10 off Orders of $50+ - Use code IR10 -  https://t.co/3dP3OAwNjQ
30-06-2021,Brett Murphy,#makemoney #earnmoney #income #money #affiliatemarketing Check my website for #affiliate #referral #cashback #crypto #shopping #travel #business #dogecoin #bitcoin  https://t.co/vBHLD11zwQ
30-06-2021,#Help Me Pay My Bills,"While the Lightning NetWork Solves two of Bitcoin""s Key issues of   Slow Transaction Speeds and  High fees,   it does not deal with the most Crucial - distribution.   https://t.co/ggnw6wQ0Qe does.  #helpwithmoney   !!!! Donate to: 3LPxvRuJNTKQrjbHypLpzFa4srrSj1dL8D #bitcoin  https://t.co/9tnOV9I4rW"
30-06-2021,#bestsellerbook #recommendedbooks #cursosonline,ğŸ“Œ#jeffxelon #bsc  #elonmusk #Bitcoin #Ethereum #ETH #BTC #BNB #JPMorgan #jeffbezos #BinanceSmartChain #DeFi #Ethereum #ETH #Bitcoin  #TELL #MATIC #DOGE #CAKE #SOL #ONE #XDC #GOBLIN #NFT  #GOBLINSWAP   https://t.co/27ypfk1JCd a travÃ©s de @amazon
30-06-2021,LuisCardenasMX,"""@RicardoBSalinas demuestra lo peligroso que es que una misma persona sea dueÃ±a de un medio de comunicaciÃ³n y una entidad financiera. Ã‰l ya le apostÃ³ al bitcoin y lo que quiere es darle movimiento a esa criptomoneda"": @ESEMEJIA en #LaPrimeradeMVS por el 102.5 FM y @MVStvOficial"
30-06-2021,LuisCardenasMX,"""Las criptomonedas son el futuro: el bitcoin es un archivo de informaciÃ³n encriptado y alguien un dÃ­a decidiÃ³ que se podÃ­a usar como moneda de cambio entre dos particulares, no con los gobiernos. Es algo especulativo"": @ESEMEJIA en #LaPrimeradeMVS por el 102.5 FM y @MVStvOficial"
